dep_com;idp_refugie_last_month;idp_refugie_3_months;food_access_no;mean_existence_access_no;market_access;security_feeling_no;health_access_no;education_access_no;diff_info_access;diff_info_access_no;nutri_programme;enough_water_access_no;pdi_vivant_cond_adeq_no;abris_dommages;procuration_savon;tel_mobile;settlement_assessed_num;ki_num;n;dep_percentage
abala_abala;0,00000000;0,05555556;0,75000000;0,86111111;0,9444444;0,22222222;0,02777778;0,19444444;0,05555556;0,9444444;0,86111111;0,7222222;0,6666667;0,00000000;0,4722222;0,75000000;36;52;142;0,25352113
abala_sanam;0,00000000;0,04166667;0,75000000;1,00000000;0,9583333;0,37500000;0,04166667;0,12500000;0,16666667;0,8333333;0,83333333;0,7083333;0,6666667;0,00000000;0,5000000;0,58333333;24;40;140;0,17142857
anderamboukane_anderamboukane;0,33333333;0,41666667;0,50000000;0,58333333;0,5000000;0,75000000;0,25000000;0,50000000;0,41666667;0,5833333;0,25000000;0,5000000;0,6000000;0,00000000;0,6666667;0,16666667;12;12; 14;0,85714286
ansongo_ansongo;0,33333333;0,33333333;0,66666667;0,66666667;0,8333333;0,83333333;0,16666667;0,33333333;0,83333333;0,1666667;0,83333333;0,0000000;0,5000000;0,00000000;0,6666667;0,33333333; 6; 6; 27;0,22222222
ansongo_bara;0,00000000;0,12500000;0,75000000;0,62500000;0,6250000;0,87500000;0,37500000;0,37500000;0,75000000;0,2500000;0,62500000;0,2500000;0,0000000;0,25000000;0,7500000;0,12500000; 8; 8; 21;0,38095238
ansongo_bourra;0,14285714;0,14285714;0,42857143;0,42857143;0,7142857;0,85714286;0,42857143;0,42857143;0,28571429;0,7142857;0,28571429;0,4285714;0,5000000;0,00000000;0,7142857;0,57142857; 7; 7; 35;0,20000000
ansongo_ouattagouna;0,00000000;0,30000000;0,70000000;0,50000000;0,5000000;1,00000000;0,60000000;0,80000000;0,80000000;0,2000000;0,10000000;0,5000000;0,6666667;0,10000000;0,9000000;0,10000000;10;10; 38;0,26315789
ansongo_talataye;0,42857143;0,57142857;0,57142857;0,42857143;0,2857143;0,85714286;0,57142857;1,00000000;0,57142857;0,4285714;0,28571429;0,7142857;0,6000000;0,00000000;0,5714286;0,00000000; 7; 7;  9;0,77777778
ansongo_tessit;0,25000000;0,37500000;0,62500000;0,50000000;0,3750000;1,00000000;0,62500000;1,00000000;0,50000000;0,5000000;0,12500000;0,6250000;1,0000000;0,25000000;0,6250000;0,12500000; 8; 8; 18;0,44444444
ansongo_tin_hama;0,42857143;0,57142857;0,28571429;0,42857143;0,8571429;0,85714286;0,28571429;0,42857143;0,28571429;0,7142857;0,42857143;0,2857143;1,0000000;0,00000000;0,5714286;0,42857143; 7; 7;  6;1,16666667
ayerou_ayerou;0,00000000;0,00000000;0,66666667;0,11111111;1,0000000;0,38888889;0,00000000;0,16666667;0,50000000;0,5000000;0,94444444;0,5555556;0,5000000;0,00000000;0,7777778;0,72222222;18;25;105;0,17142857
ayerou_inates;0,00000000;0,00000000;0,82352941;0,41176471;1,0000000;0,82352941;0,11764706;0,41176471;0,64705882;0,3529412;0,82352941;0,7058824;NA;0,00000000;0,7647059;0,23529412;17;25; 71;0,23943662
bam_bourzanga;0,00000000;0,00000000;0,00000000;0,20000000;1,0000000;0,00000000;0,00000000;0,20000000;0,00000000;1,0000000;1,00000000;0,4000000;1,0000000;0,00000000;0,2000000;1,00000000; 5; 9; 41;0,12195122
bam_guibare;0,00000000;0,00000000;0,00000000;0,00000000;1,0000000;0,00000000;0,00000000;0,00000000;0,00000000;1,0000000;1,00000000;0,3333333;0,3333333;0,00000000;0,0000000;1,00000000; 3; 6; 18;0,16666667
bam_kongoussi;0,00000000;0,00000000;0,14285714;0,00000000;1,0000000;0,00000000;0,00000000;0,00000000;0,00000000;1,0000000;1,00000000;0,4285714;0,5714286;0,00000000;0,0000000;1,00000000; 7;11; 58;0,12068966
bam_nassere;0,00000000;0,00000000;0,33333333;0,00000000;1,0000000;0,00000000;0,00000000;0,00000000;0,00000000;1,0000000;1,00000000;0,6666667;0,0000000;0,00000000;0,0000000;1,00000000; 3; 4; 10;0,30000000
bam_rollo;0,00000000;0,00000000;0,00000000;0,00000000;1,0000000;0,00000000;0,00000000;0,00000000;0,00000000;1,0000000;1,00000000;0,0000000;0,7500000;0,00000000;0,0000000;1,00000000; 4; 9; 21;0,19047619
bam_rouko;0,00000000;0,00000000;0,00000000;0,00000000;1,0000000;0,00000000;0,00000000;0,00000000;0,00000000;1,0000000;1,00000000;0,3333333;0,3333333;0,00000000;0,0000000;1,00000000; 3; 4; 10;0,30000000
bam_sabse;0,00000000;0,25000000;0,00000000;0,00000000;1,0000000;0,00000000;0,00000000;0,00000000;0,00000000;1,0000000;1,00000000;0,5000000;0,5000000;0,00000000;0,0000000;1,00000000; 4; 4; 37;0,10810811
bam_tikare;0,00000000;0,00000000;0,00000000;0,00000000;1,0000000;0,00000000;0,00000000;0,00000000;0,20000000;0,8000000;1,00000000;0,2000000;0,4000000;0,00000000;0,0000000;1,00000000; 5; 9; 40;0,12500000
bam_zimtanga;0,00000000;0,00000000;0,50000000;0,50000000;1,0000000;0,00000000;0,00000000;0,00000000;0,00000000;1,0000000;1,00000000;0,7500000;1,0000000;0,00000000;0,0000000;1,00000000; 4; 5; 35;0,11428571
bandiagara_bandiagara;0,00000000;1,00000000;0,00000000;0,50000000;1,0000000;1,00000000;0,00000000;0,00000000;0,00000000;1,0000000;1,00000000;0,5000000;1,0000000;0,00000000;0,5000000;1,00000000; 2; 2;  1;2,00000000
bandiagara_bara_sara;0,50000000;1,00000000;0,50000000;0,50000000;0,5000000;1,00000000;0,50000000;0,50000000;0,00000000;1,0000000;0,50000000;0,0000000;1,0000000;0,00000000;0,5000000;0,50000000; 2; 2; 34;0,05882353
bandiagara_borko;0,00000000;0,00000000;1,00000000;1,00000000;0,0000000;1,00000000;0,50000000;1,00000000;0,00000000;1,0000000;0,00000000;0,5000000;1,0000000;0,00000000;1,0000000;1,00000000; 2; 2;  7;0,28571429
bandiagara_dandoli;0,00000000;0,00000000;0,00000000;0,50000000;1,0000000;1,00000000;0,00000000;0,00000000;0,00000000;1,0000000;1,00000000;0,0000000;0,0000000;0,00000000;0,5000000;1,00000000; 2; 2; 17;0,11764706
bandiagara_diamnati;0,50000000;1,00000000;1,00000000;1,00000000;1,0000000;1,00000000;0,00000000;0,00000000;0,00000000;1,0000000;1,00000000;1,0000000;1,0000000;0,00000000;0,0000000;1,00000000; 2; 2; 17;0,11764706
bandiagara_dogani_bere;0,00000000;0,00000000;1,00000000;1,00000000;0,5000000;1,00000000;1,00000000;1,00000000;0,00000000;1,0000000;0,00000000;0,0000000;1,0000000;0,00000000;0,0000000;1,00000000; 2; 2;  5;0,40000000
bandiagara_doucoumbo;0,00000000;0,00000000;0,50000000;1,00000000;0,5000000;1,00000000;0,50000000;0,50000000;0,00000000;1,0000000;0,50000000;0,0000000;1,0000000;0,00000000;0,0000000;1,00000000; 2; 2; 43;0,04651163
bandiagara_dourou;0,00000000;0,00000000;1,00000000;1,00000000;1,0000000;1,00000000;0,00000000;0,00000000;0,00000000;1,0000000;0,00000000;0,0000000;0,0000000;0,50000000;1,0000000;1,00000000; 2; 2; 33;0,06060606
bandiagara_kende;0,00000000;0,00000000;1,00000000;1,00000000;0,5000000;1,00000000;0,50000000;1,00000000;0,50000000;0,5000000;0,00000000;1,0000000;1,0000000;0,50000000;1,0000000;0,00000000; 2; 2;  7;0,28571429
bandiagara_kendie;0,00000000;1,00000000;0,00000000;0,50000000;0,5000000;1,00000000;0,50000000;0,00000000;0,00000000;1,0000000;0,50000000;1,0000000;1,0000000;0,00000000;1,0000000;1,00000000; 2; 2; 56;0,03571429
bandiagara_lowol_gueou;0,00000000;1,00000000;1,00000000;1,00000000;0,0000000;1,00000000;0,50000000;1,00000000;0,00000000;1,0000000;0,00000000;0,5000000;1,0000000;0,00000000;1,0000000;1,00000000; 2; 2; 23;0,08695652
bandiagara_metoumou;0,00000000;0,50000000;0,50000000;1,00000000;0,5000000;1,00000000;0,00000000;0,00000000;0,00000000;1,0000000;0,50000000;1,0000000;1,0000000;0,00000000;0,5000000;1,00000000; 2; 2; 24;0,08333333
bandiagara_ondougou;0,00000000;0,50000000;0,50000000;1,00000000;1,0000000;1,00000000;0,50000000;0,00000000;0,00000000;1,0000000;0,50000000;0,5000000;1,0000000;0,00000000;0,5000000;1,00000000; 2; 2;  9;0,22222222
bandiagara_pelou;0,00000000;0,00000000;1,00000000;1,00000000;1,0000000;1,00000000;0,00000000;0,00000000;0,00000000;1,0000000;0,00000000;0,0000000;1,0000000;0,00000000;1,0000000;1,00000000; 2; 2;  4;0,50000000
bandiagara_pignari;0,50000000;1,00000000;0,50000000;1,00000000;1,0000000;1,00000000;0,50000000;0,00000000;0,50000000;0,5000000;0,50000000;0,5000000;1,0000000;0,50000000;0,0000000;1,00000000; 2; 2; 24;0,08333333
bandiagara_pignari_bana;0,00000000;0,00000000;1,00000000;1,00000000;0,5000000;1,00000000;0,50000000;0,50000000;0,00000000;1,0000000;0,00000000;0,0000000;1,0000000;0,00000000;0,0000000;1,00000000; 2; 2; 38;0,05263158
bandiagara_sangha;0,00000000;0,00000000;1,00000000;1,00000000;1,0000000;1,00000000;0,00000000;0,00000000;0,00000000;1,0000000;1,00000000;0,0000000;1,0000000;0,00000000;1,0000000;1,00000000; 1; 1; 84;0,01190476
bandiagara_segue_ire;0,00000000;0,00000000;1,00000000;1,00000000;0,5000000;1,00000000;0,50000000;0,50000000;0,50000000;0,5000000;0,50000000;1,0000000;1,0000000;0,00000000;1,0000000;0,50000000; 2; 2; 21;0,09523810
bandiagara_soroly;0,50000000;1,00000000;0,50000000;0,50000000;0,5000000;1,00000000;0,50000000;0,50000000;0,00000000;1,0000000;0,00000000;0,0000000;1,0000000;0,00000000;0,5000000;0,50000000; 2; 2; 18;0,11111111
bandiagara_timiri;0,00000000;1,00000000;0,00000000;0,00000000;0,0000000;1,00000000;0,50000000;1,00000000;0,00000000;1,0000000;0,00000000;1,0000000;1,0000000;0,50000000;1,0000000;1,00000000; 2; 2; 40;0,05000000
bandiagara_wadouba;0,00000000;1,00000000;0,50000000;0,50000000;1,0000000;1,00000000;0,50000000;0,50000000;0,00000000;1,0000000;0,50000000;1,0000000;1,0000000;0,00000000;0,5000000;0,50000000; 2; 2; 68;0,02941176
banibangou_banibangou;0,00000000;0,00000000;0,73333333;0,66666667;0,8000000;0,73333333;0,06666667;0,46666667;0,33333333;0,6666667;0,73333333;0,8000000;1,0000000;0,00000000;0,4666667;0,46666667;15;23;206;0,07281553
bankass_bankass;0,50000000;1,00000000;0,00000000;0,50000000;1,0000000;1,00000000;0,00000000;0,00000000;0,00000000;1,0000000;1,00000000;0,5000000;1,0000000;0,00000000;0,0000000;1,00000000; 2; 2; 37;0,05405405
bankass_baye;0,50000000;1,00000000;1,00000000;1,00000000;1,0000000;1,00000000;0,00000000;0,00000000;0,00000000;1,0000000;1,00000000;0,0000000;1,0000000;0,00000000;0,0000000;1,00000000; 2; 2; 70;0,02857143
bankass_diallassagou;0,50000000;1,00000000;1,00000000;1,00000000;0,5000000;1,00000000;0,00000000;0,00000000;0,00000000;1,0000000;1,00000000;1,0000000;1,0000000;0,00000000;0,5000000;1,00000000; 2; 2; 39;0,05128205
bankass_dimbal_habe;0,50000000;1,00000000;0,50000000;0,50000000;0,5000000;1,00000000;0,50000000;0,50000000;0,00000000;1,0000000;0,50000000;0,0000000;1,0000000;0,00000000;0,5000000;0,50000000; 2; 2; 37;0,05405405
bankass_kani_bozon;0,50000000;0,50000000;1,00000000;1,00000000;1,0000000;1,00000000;0,00000000;1,00000000;0,00000000;1,0000000;0,50000000;0,0000000;1,0000000;1,00000000;1,0000000;1,00000000; 2; 2; 24;0,08333333
bankass_koulogon_habe;0,00000000;1,00000000;0,50000000;0,50000000;0,5000000;1,00000000;0,50000000;0,50000000;0,00000000;1,0000000;0,50000000;0,5000000;1,0000000;0,00000000;0,5000000;0,50000000; 2; 2; 23;0,08695652
bankass_lessagou_habe;0,00000000;1,00000000;0,50000000;0,50000000;0,5000000;1,00000000;0,50000000;0,50000000;0,00000000;1,0000000;0,50000000;0,5000000;1,0000000;0,00000000;0,5000000;0,50000000; 2; 2; 31;0,06451613
bankass_ouonkoro;0,00000000;1,00000000;1,00000000;1,00000000;1,0000000;1,00000000;0,00000000;0,50000000;0,00000000;1,0000000;1,00000000;0,5000000;1,0000000;0,00000000;1,0000000;0,50000000; 2; 2; 32;0,06250000
bankass_segue;0,00000000;0,00000000;0,50000000;1,00000000;1,0000000;1,00000000;0,00000000;0,00000000;0,00000000;1,0000000;0,50000000;0,0000000;1,0000000;0,00000000;0,0000000;1,00000000; 2; 2; 51;0,03921569
bankass_sokoura;0,50000000;1,00000000;0,50000000;1,00000000;1,0000000;1,00000000;0,00000000;0,50000000;0,00000000;1,0000000;0,50000000;0,0000000;1,0000000;0,00000000;0,0000000;1,00000000; 2; 2; 57;0,03508772
bankass_soubala;0,00000000;0,00000000;1,00000000;1,00000000;0,5000000;1,00000000;0,50000000;1,00000000;0,00000000;1,0000000;0,50000000;0,0000000;1,0000000;0,00000000;0,0000000;1,00000000; 2; 2; 17;0,11764706
bankass_tori;0,00000000;1,00000000;1,00000000;1,00000000;1,0000000;1,00000000;0,00000000;0,50000000;0,00000000;1,0000000;1,00000000;1,0000000;1,0000000;0,00000000;1,0000000;0,50000000; 2; 2; 23;0,08695652
bankilare_bankilare;0,00000000;0,00000000;0,78571429;0,14285714;1,0000000;0,28571429;0,00000000;0,50000000;0,35714286;0,6428571;0,92857143;0,7142857;NA;0,00000000;0,6428571;0,57142857;14;24;155;0,09032258
bourem_bamba;0,08333333;0,33333333;0,25000000;0,25000000;0,5833333;0,41666667;0,33333333;0,16666667;0,25000000;0,7500000;0,25000000;0,2500000;0,8000000;0,08333333;0,5000000;0,33333333;12;12; 54;0,22222222
bourem_bourem;0,00000000;0,00000000;0,30000000;0,20000000;0,9000000;0,40000000;0,00000000;0,10000000;0,00000000;1,0000000;0,70000000;0,2000000;NA;0,00000000;0,6000000;0,80000000;10;10; 40;0,25000000
bourem_taboye;0,00000000;0,12500000;0,75000000;0,37500000;0,5000000;0,37500000;0,25000000;0,25000000;0,12500000;0,8750000;0,25000000;0,1250000;1,0000000;0,37500000;0,8750000;0,62500000; 8; 8; 28;0,28571429
bourem_tarkint;0,15384615;0,38461538;0,76923077;0,61538462;0,7692308;0,84615385;0,53846154;0,76923077;0,61538462;0,3846154;0,30769231;0,6153846;0,7500000;0,07692308;0,7692308;0,07692308;13;15; 21;0,61904762
bourem_temera;0,00000000;0,33333333;1,00000000;0,66666667;0,6666667;1,00000000;0,33333333;0,33333333;0,33333333;0,6666667;0,00000000;0,3333333;1,0000000;0,33333333;1,0000000;0,33333333; 3; 3; 41;0,07317073
dire_arham;0,00000000;0,00000000;0,00000000;0,00000000;1,0000000;0,00000000;0,00000000;0,00000000;0,00000000;1,0000000;1,00000000;0,0000000;NA;0,00000000;0,0000000;1,00000000; 1; 1;  5;0,20000000
dire_binga;0,00000000;0,00000000;0,66666667;0,66666667;0,6666667;0,33333333;0,66666667;0,33333333;0,00000000;1,0000000;0,33333333;0,0000000;0,0000000;0,00000000;0,6666667;0,66666667; 3; 3;  8;0,37500000
dire_bourem_sidi_amar;0,00000000;1,00000000;0,00000000;0,00000000;1,0000000;0,00000000;0,00000000;0,00000000;0,00000000;1,0000000;1,00000000;0,0000000;0,0000000;0,00000000;0,0000000;0,00000000; 1; 1;  9;0,11111111
dire_dangha;0,00000000;0,00000000;0,00000000;0,00000000;1,0000000;0,00000000;0,00000000;0,00000000;0,00000000;1,0000000;1,00000000;0,0000000;NA;0,00000000;0,0000000;0,00000000; 1; 1; 19;0,05263158
dire_dire;0,00000000;0,00000000;0,00000000;0,00000000;1,0000000;0,00000000;0,00000000;0,00000000;0,00000000;1,0000000;1,00000000;0,0000000;NA;0,00000000;0,0000000;0,00000000; 1; 1;  4;0,25000000
dire_garbakoira;0,00000000;0,00000000;0,00000000;0,00000000;1,0000000;0,00000000;0,00000000;0,00000000;0,00000000;1,0000000;0,50000000;0,0000000;NA;0,00000000;0,0000000;0,50000000; 2; 2; 10;0,20000000
dire_haibongo;0,00000000;0,00000000;0,00000000;0,00000000;1,0000000;0,00000000;0,00000000;0,00000000;0,00000000;1,0000000;1,00000000;0,0000000;NA;0,00000000;0,0000000;0,00000000; 2; 2; 15;0,13333333
dire_kirchamba;0,00000000;0,00000000;0,50000000;0,50000000;0,0000000;0,50000000;1,00000000;0,00000000;0,00000000;1,0000000;0,00000000;0,0000000;NA;0,00000000;0,5000000;0,50000000; 2; 2;  5;0,40000000
dire_kondi;0,00000000;0,00000000;0,50000000;0,50000000;0,0000000;0,00000000;1,00000000;1,00000000;0,00000000;1,0000000;0,00000000;0,0000000;NA;0,00000000;1,0000000;1,00000000; 2; 2;  5;0,40000000
dire_sareyamou;0,00000000;0,00000000;0,00000000;0,00000000;1,0000000;0,00000000;0,00000000;0,00000000;0,00000000;1,0000000;1,00000000;0,0000000;NA;0,00000000;0,0000000;0,50000000; 2; 2; 19;0,10526316
dire_tindirma;0,00000000;0,00000000;0,66666667;0,66666667;0,3333333;0,66666667;0,66666667;0,33333333;0,00000000;1,0000000;0,33333333;0,3333333;NA;0,00000000;0,6666667;0,33333333; 3; 3;  9;0,33333333
dire_tinguereguif;0,00000000;0,00000000;1,00000000;1,00000000;0,0000000;1,00000000;1,00000000;1,00000000;1,00000000;0,0000000;0,00000000;0,0000000;NA;0,00000000;1,0000000;0,00000000; 1; 1;  3;0,33333333
djenne_dandougou_fakala;0,00000000;0,00000000;0,33333333;0,33333333;0,6666667;1,00000000;0,66666667;0,00000000;0,00000000;1,0000000;0,33333333;0,0000000;NA;0,00000000;0,0000000;0,66666667; 3; 3; 15;0,20000000
djenne_derrary;0,00000000;0,00000000;0,33333333;0,33333333;1,0000000;1,00000000;0,00000000;0,33333333;0,00000000;1,0000000;1,00000000;0,6666667;1,0000000;0,00000000;0,0000000;1,00000000; 3; 3;  8;0,37500000
djenne_djenne;0,00000000;0,33333333;0,33333333;0,00000000;0,3333333;1,00000000;0,00000000;0,00000000;0,00000000;1,0000000;0,66666667;0,0000000;0,5000000;0,00000000;0,0000000;1,00000000; 3; 3; 17;0,17647059
djenne_fakala;0,00000000;0,00000000;0,33333333;0,33333333;0,6666667;1,00000000;0,66666667;0,66666667;0,00000000;1,0000000;0,33333333;0,0000000;0,0000000;0,00000000;0,0000000;0,66666667; 3; 3; 61;0,04918033
djenne_femaye;0,00000000;0,00000000;0,33333333;0,33333333;1,0000000;1,00000000;0,00000000;0,66666667;0,00000000;1,0000000;1,00000000;0,0000000;1,0000000;0,00000000;0,0000000;1,00000000; 3; 3; 21;0,14285714
djenne_kewa;0,00000000;0,33333333;0,66666667;0,66666667;0,6666667;1,00000000;0,00000000;0,66666667;0,00000000;1,0000000;0,66666667;0,6666667;1,0000000;0,00000000;0,3333333;1,00000000; 3; 3; 43;0,06976744
djenne_madiama;0,00000000;0,33333333;0,33333333;0,33333333;0,6666667;1,00000000;0,33333333;0,33333333;0,00000000;1,0000000;1,00000000;0,3333333;1,0000000;0,00000000;0,0000000;1,00000000; 3; 3; 12;0,25000000
djenne_nema_badenyakafo;0,00000000;0,50000000;0,50000000;0,00000000;0,5000000;0,50000000;0,00000000;0,00000000;0,00000000;1,0000000;1,00000000;0,0000000;1,0000000;0,00000000;0,0000000;1,00000000; 2; 3; 80;0,02500000
djenne_niansanari;0,00000000;0,66666667;0,00000000;0,00000000;1,0000000;1,00000000;0,00000000;0,00000000;0,00000000;1,0000000;1,00000000;0,0000000;0,5000000;0,00000000;0,0000000;1,00000000; 3; 3;  8;0,37500000
djenne_ouro_ali;0,33333333;0,33333333;0,33333333;0,33333333;0,6666667;1,00000000;0,00000000;0,00000000;0,00000000;1,0000000;1,00000000;0,6666667;1,0000000;0,00000000;0,0000000;1,00000000; 3; 3; 16;0,18750000
djenne_pondori;0,00000000;0,33333333;0,33333333;0,00000000;0,6666667;0,66666667;0,00000000;0,00000000;0,00000000;1,0000000;1,00000000;0,0000000;0,3333333;0,00000000;0,0000000;1,00000000; 3; 3;  6;0,50000000
djenne_togue_mourari;0,00000000;0,00000000;0,66666667;0,66666667;0,3333333;1,00000000;0,33333333;1,00000000;0,33333333;0,6666667;0,33333333;0,3333333;NA;0,00000000;0,6666667;0,66666667; 3; 3; 13;0,23076923
douentza_dallah;0,00000000;0,00000000;1,00000000;1,00000000;0,0000000;1,00000000;1,00000000;1,00000000;0,00000000;1,0000000;0,00000000;1,0000000;NA;0,50000000;1,0000000;0,00000000; 2; 2; 23;0,08695652
douentza_dangol_bore;0,00000000;0,00000000;0,50000000;1,00000000;0,5000000;1,00000000;0,50000000;0,50000000;0,00000000;1,0000000;0,50000000;0,5000000;1,0000000;0,00000000;0,5000000;0,50000000; 2; 2; 36;0,05555556
douentza_debere;0,00000000;0,00000000;0,00000000;0,00000000;0,5000000;1,00000000;1,00000000;1,00000000;0,00000000;1,0000000;0,00000000;1,0000000;1,0000000;0,00000000;0,0000000;1,00000000; 2; 2;  8;0,25000000
douentza_dianwely;0,00000000;0,00000000;0,50000000;0,50000000;1,0000000;1,00000000;0,50000000;0,50000000;0,00000000;1,0000000;0,50000000;0,0000000;NA;0,00000000;0,0000000;1,00000000; 2; 2; 10;0,20000000
douentza_djaptodji;0,00000000;0,00000000;1,00000000;0,00000000;0,0000000;1,00000000;1,00000000;1,00000000;0,00000000;1,0000000;0,00000000;0,0000000;1,0000000;0,00000000;1,0000000;0,00000000; 2; 2; 72;0,02777778
douentza_douentza;0,00000000;0,00000000;0,33333333;0,33333333;1,0000000;1,00000000;0,33333333;0,33333333;0,00000000;1,0000000;0,66666667;0,0000000;1,0000000;0,00000000;0,3333333;1,00000000; 3; 3;  7;0,42857143
douentza_gandamia;0,00000000;0,00000000;0,50000000;1,00000000;1,0000000;1,00000000;0,00000000;1,00000000;0,50000000;0,5000000;1,00000000;0,0000000;1,0000000;0,00000000;0,0000000;0,00000000; 2; 2;  8;0,25000000
douentza_haire;0,00000000;0,00000000;0,50000000;0,50000000;1,0000000;1,00000000;0,50000000;0,50000000;0,00000000;1,0000000;1,00000000;0,0000000;1,0000000;0,50000000;0,0000000;1,00000000; 2; 2; 58;0,03448276
douentza_hombori;0,00000000;0,00000000;0,00000000;1,00000000;0,0000000;1,00000000;1,00000000;1,00000000;0,00000000;1,0000000;0,00000000;0,0000000;1,0000000;0,00000000;1,0000000;1,00000000; 2; 2; 33;0,06060606
douentza_kerena;0,00000000;0,00000000;1,00000000;1,00000000;0,0000000;1,00000000;0,50000000;1,00000000;0,00000000;1,0000000;0,00000000;0,0000000;NA;0,00000000;0,0000000;0,00000000; 2; 2;  4;0,50000000
douentza_korarou;0,00000000;1,00000000;0,00000000;0,50000000;0,5000000;1,00000000;0,50000000;0,50000000;0,00000000;1,0000000;0,50000000;0,5000000;1,0000000;0,00000000;0,0000000;1,00000000; 2; 2;  7;0,28571429
douentza_koubewel_koundia;0,00000000;0,00000000;1,00000000;0,50000000;1,0000000;1,00000000;0,00000000;0,50000000;0,00000000;1,0000000;0,00000000;0,0000000;1,0000000;0,00000000;0,5000000;1,00000000; 2; 2; 22;0,09090909
douentza_mondoro;0,00000000;0,00000000;0,66666667;0,66666667;0,3333333;1,00000000;0,66666667;0,66666667;0,00000000;1,0000000;0,33333333;0,3333333;NA;0,00000000;0,6666667;1,00000000; 3; 3; 38;0,07894737
douentza_petaka;0,00000000;0,00000000;1,00000000;1,00000000;0,5000000;1,00000000;0,50000000;1,00000000;0,00000000;1,0000000;0,50000000;0,0000000;NA;0,00000000;1,0000000;1,00000000; 2; 2;  5;0,40000000
douentza_tedie;0,00000000;1,00000000;1,00000000;1,00000000;0,5000000;1,00000000;0,50000000;0,00000000;0,00000000;1,0000000;0,50000000;0,5000000;1,0000000;0,00000000;1,0000000;1,00000000; 2; 2; 15;0,13333333
filingue_filingue;0,00000000;0,00000000;0,63157895;0,84210526;0,8421053;0,26315789;0,21052632;0,15789474;0,10526316;0,8947368;0,63157895;0,6842105;0,0000000;0,00000000;0,3684211;0,57894737;19;25;180;0,10555556
filingue_imanan;0,00000000;0,00000000;0,41666667;0,66666667;1,0000000;0,00000000;0,00000000;0,00000000;0,00000000;1,0000000;0,75000000;0,3333333;NA;0,00000000;0,5833333;0,75000000;12;16; 85;0,14117647
filingue_kourfeye_centre;0,00000000;0,00000000;0,71428571;0,42857143;1,0000000;0,00000000;0,00000000;0,00000000;0,00000000;1,0000000;0,57142857;1,0000000;NA;0,00000000;0,7142857;0,85714286; 7;10;133;0,05263158
filingue_tondikandia;0,00000000;0,00000000;0,50000000;0,25000000;1,0000000;0,16666667;0,00000000;0,00000000;0,00000000;1,0000000;0,16666667;0,8333333;NA;0,00000000;0,5833333;1,00000000;12;23;227;0,05286344
gao_anchawadi;0,38461538;0,38461538;0,69230769;0,46153846;0,3846154;0,84615385;0,76923077;0,84615385;0,00000000;1,0000000;0,15384615;0,6153846;0,8888889;0,00000000;0,7692308;0,38461538;13;14; 33;0,39393939
gao_gabero;0,00000000;0,05555556;0,27777778;0,27777778;0,7777778;0,61111111;0,27777778;0,05555556;0,27777778;0,7222222;0,38888889;0,2777778;0,0000000;0,11111111;0,5000000;0,27777778;18;18; 38;0,47368421
gao_gao;1,00000000;1,00000000;1,00000000;1,00000000;1,0000000;0,00000000;0,00000000;1,00000000;0,00000000;1,0000000;0,00000000;1,0000000;1,0000000;1,00000000;1,0000000;0,00000000; 1; 1; 11;0,09090909
gao_gounzoureye;0,00000000;0,00000000;0,10526316;0,15789474;0,8947368;0,31578947;0,05263158;0,00000000;0,10526316;0,8947368;0,73684211;0,1052632;NA;0,00000000;0,5263158;0,57894737;19;19; 34;0,55882353
gao_n_tillit;0,11111111;0,77777778;0,55555556;0,44444444;0,7777778;1,00000000;0,77777778;0,88888889;0,55555556;0,4444444;0,11111111;0,5555556;0,8750000;0,22222222;0,6666667;0,44444444; 9; 9; 17;0,52941176
gao_sony_aliber;0,00000000;0,10000000;0,30000000;0,20000000;1,0000000;0,25000000;0,00000000;0,00000000;0,10000000;0,8500000;0,65000000;0,1500000;0,0000000;0,05000000;0,4000000;0,35000000;20;20; 58;0,34482759
gao_tilemsi;0,15384615;0,23076923;0,53846154;0,46153846;0,7692308;0,23076923;0,69230769;0,92307692;0,53846154;0,4615385;0,07692308;0,5384615;0,6666667;0,15384615;0,7692308;0,46153846;13;13;NA;NA
gnagna_bilanga;0,00000000;0,46153846;0,07692308;0,15384615;1,0000000;0,07692308;0,00000000;0,00000000;0,23076923;0,7692308;1,00000000;0,6153846;0,8333333;0,07692308;0,4615385;0,61538462;13;13; 60;0,21666667
gnagna_bogande;0,08333333;0,50000000;0,33333333;0,16666667;1,0000000;0,25000000;0,00000000;0,00000000;0,33333333;0,6666667;1,00000000;0,7500000;0,9090909;0,08333333;0,8333333;0,83333333;12;12; 51;0,23529412
gnagna_koala;0,25000000;0,37500000;0,37500000;0,37500000;1,0000000;0,62500000;0,00000000;0,81250000;0,18750000;0,8125000;1,00000000;0,6875000;0,4615385;0,00000000;0,9375000;0,81250000;16;18; 94;0,17021277
gnagna_liptougou;0,11111111;0,11111111;0,33333333;0,55555556;1,0000000;0,66666667;0,11111111;1,00000000;0,55555556;0,4444444;0,88888889;0,8888889;1,0000000;0,00000000;0,6666667;0,44444444; 9;11; 65;0,13846154
gnagna_mani;0,00000000;0,00000000;0,50000000;0,00000000;1,0000000;1,00000000;0,00000000;0,00000000;0,33333333;0,6666667;1,00000000;0,6666667;0,6666667;0,00000000;0,5000000;0,50000000; 6; 6; 28;0,21428571
gnagna_piela;0,00000000;0,00000000;0,55555556;0,33333333;1,0000000;0,88888889;0,00000000;0,00000000;0,33333333;0,6666667;1,00000000;0,6666667;0,4285714;0,00000000;1,0000000;0,55555556; 9; 9; 25;0,36000000
gnagna_thion;0,40000000;0,40000000;0,40000000;0,40000000;1,0000000;0,60000000;0,00000000;0,00000000;0,40000000;0,6000000;1,00000000;0,8000000;1,0000000;0,20000000;0,8000000;0,80000000; 5; 5; 18;0,27777778
gotheye_dargol;0,00000000;0,00000000;0,80000000;0,30000000;1,0000000;0,15000000;0,00000000;0,10000000;0,15000000;0,8500000;0,75000000;0,7500000;NA;0,05000000;0,5500000;0,70000000;20;40;325;0,06153846
gotheye_gotheye;0,00000000;0,00000000;0,77777778;0,44444444;1,0000000;0,33333333;0,00000000;0,00000000;0,11111111;0,8888889;0,88888889;0,7777778;NA;0,00000000;0,5555556;0,88888889; 9;21;126;0,07142857
goundam_adarmalane;0,00000000;0,00000000;1,00000000;0,50000000;0,0000000;1,00000000;0,50000000;0,50000000;1,00000000;0,0000000;0,00000000;0,5000000;NA;0,00000000;1,0000000;0,00000000; 2; 2;  6;0,33333333
goundam_alzounoub;0,00000000;0,00000000;1,00000000;1,00000000;0,0000000;1,00000000;1,00000000;1,00000000;1,00000000;0,0000000;0,00000000;0,0000000;NA;0,00000000;1,0000000;0,00000000; 1; 1;  7;0,14285714
goundam_bintagoungou;0,00000000;0,00000000;0,33333333;0,33333333;0,6666667;0,33333333;0,33333333;0,33333333;0,33333333;0,6666667;0,33333333;0,0000000;NA;0,00000000;0,3333333;0,00000000; 3; 3;  8;0,37500000
goundam_douekire;0,00000000;0,00000000;0,00000000;0,00000000;1,0000000;0,00000000;0,00000000;0,00000000;0,00000000;1,0000000;1,00000000;0,0000000;0,0000000;0,00000000;0,0000000;1,00000000; 1; 1; 32;0,03125000
goundam_doukouria;0,00000000;0,25000000;0,50000000;0,50000000;0,2500000;0,75000000;0,75000000;0,75000000;0,50000000;0,5000000;0,00000000;0,2500000;1,0000000;0,00000000;0,7500000;0,25000000; 4; 4; 12;0,33333333
goundam_essakane;0,40000000;0,40000000;0,40000000;0,40000000;0,2000000;0,80000000;0,80000000;0,60000000;0,00000000;1,0000000;0,20000000;0,4000000;1,0000000;0,00000000;0,6000000;0,00000000; 5; 5; 23;0,21739130
goundam_gargando;0,00000000;0,00000000;0,00000000;0,00000000;1,0000000;0,00000000;0,00000000;0,00000000;0,00000000;1,0000000;0,00000000;0,0000000;NA;0,00000000;0,0000000;0,00000000; 1; 1; 13;0,07692308
goundam_goundam;0,00000000;0,00000000;0,00000000;0,00000000;1,0000000;0,00000000;0,00000000;0,00000000;0,00000000;1,0000000;1,00000000;0,0000000;NA;0,00000000;0,0000000;0,00000000; 1; 1;  2;0,50000000
goundam_issa_bery;0,00000000;0,00000000;0,50000000;0,50000000;0,5000000;0,50000000;0,50000000;0,00000000;0,50000000;0,5000000;0,50000000;0,5000000;NA;0,00000000;0,0000000;0,00000000; 2; 2;  7;0,28571429
goundam_kaneye;0,00000000;0,50000000;0,00000000;0,00000000;0,5000000;0,50000000;0,50000000;0,50000000;0,50000000;0,5000000;0,50000000;0,0000000;0,0000000;0,00000000;0,5000000;0,00000000; 2; 2;  4;0,50000000
goundam_razelma;1,00000000;1,00000000;1,00000000;1,00000000;0,0000000;1,00000000;1,00000000;1,00000000;0,00000000;1,0000000;0,00000000;1,0000000;1,0000000;0,00000000;1,0000000;0,00000000; 1; 1;  9;0,11111111
goundam_tilemsi;0,00000000;1,00000000;1,00000000;1,00000000;0,0000000;1,00000000;1,00000000;1,00000000;0,00000000;1,0000000;0,00000000;1,0000000;1,0000000;0,00000000;1,0000000;0,00000000; 3; 3;NA;NA
goundam_tin_aicha;0,00000000;0,00000000;0,50000000;0,50000000;0,5000000;0,50000000;0,50000000;0,50000000;0,00000000;1,0000000;0,00000000;0,5000000;NA;0,00000000;1,0000000;0,00000000; 2; 2;  9;0,22222222
goundam_tonka;0,00000000;0,00000000;0,00000000;0,00000000;1,0000000;0,00000000;0,00000000;0,00000000;1,00000000;0,0000000;1,00000000;0,0000000;NA;0,00000000;0,0000000;0,00000000; 1; 1; 24;0,04166667
gourma_diabo;0,05263158;0,10526316;0,31578947;0,15789474;1,0000000;0,10526316;0,00000000;0,10526316;0,05263158;0,9473684;1,00000000;0,8947368;0,6666667;0,00000000;0,7894737;0,68421053;19;19; 21;0,90476190
gourma_diapangou;0,00000000;0,00000000;0,20000000;0,20000000;1,0000000;0,20000000;0,00000000;0,00000000;0,00000000;1,0000000;1,00000000;0,8000000;1,0000000;0,00000000;0,4000000;0,80000000; 5; 6; 18;0,27777778
gourma_fada_ngourma;0,18181818;0,27272727;0,45454545;0,54545455;1,0000000;0,45454545;0,00000000;0,63636364;0,00000000;1,0000000;0,90909091;0,6363636;1,0000000;0,00000000;0,8181818;0,90909091;11;14; 49;0,22448980
gourma_matiakoali;0,00000000;0,09090909;0,45454545;0,27272727;0,9090909;1,00000000;0,09090909;0,90909091;0,36363636;0,6363636;0,90909091;0,9090909;0,3333333;0,09090909;0,6363636;0,90909091;11;12; 63;0,17460317
gourma_rharous_bambara_maoude;0,00000000;0,66666667;1,00000000;0,66666667;0,6666667;0,66666667;0,33333333;0,00000000;0,00000000;1,0000000;0,00000000;0,6666667;0,0000000;0,00000000;0,6666667;0,00000000; 3; 3; 47;0,06382979
gourma_rharous_banikane;0,00000000;0,00000000;0,50000000;0,50000000;0,5000000;0,50000000;0,50000000;0,00000000;0,00000000;1,0000000;0,50000000;0,0000000;NA;0,00000000;0,5000000;0,50000000; 2; 2; 12;0,16666667
gourma_rharous_gossi;0,83333333;1,00000000;1,00000000;1,00000000;0,1666667;1,00000000;0,66666667;0,83333333;0,66666667;0,3333333;0,16666667;1,0000000;1,0000000;0,00000000;0,8333333;0,33333333; 6; 7; 21;0,28571429
gourma_rharous_hamzakona;0,00000000;0,00000000;1,00000000;1,00000000;0,0000000;1,00000000;1,00000000;1,00000000;1,00000000;0,0000000;0,00000000;0,0000000;NA;0,00000000;1,0000000;0,00000000; 1; 1;NA;NA
gourma_rharous_inadiatafane;0,00000000;0,00000000;0,00000000;0,00000000;1,0000000;1,00000000;0,00000000;0,00000000;0,00000000;1,0000000;1,00000000;0,0000000;NA;0,00000000;0,0000000;0,00000000; 1; 1; 16;0,06250000
gourma_rharous_ouinerden;0,00000000;0,00000000;0,00000000;0,00000000;1,0000000;1,00000000;1,00000000;1,00000000;1,00000000;0,0000000;0,00000000;0,0000000;NA;0,00000000;1,0000000;0,00000000; 1; 1; 18;0,05555556
gourma_rharous_rharous;0,00000000;0,00000000;0,16666667;0,16666667;0,8333333;0,00000000;0,16666667;0,00000000;0,16666667;0,8333333;0,50000000;0,0000000;0,0000000;0,00000000;0,1666667;0,33333333; 6; 6; 29;0,20689655
gourma_rharous_serere;0,00000000;0,33333333;0,00000000;0,00000000;0,6666667;0,00000000;0,33333333;0,00000000;0,00000000;1,0000000;0,33333333;0,0000000;0,0000000;0,00000000;0,3333333;1,00000000; 3; 3; 10;0,30000000
gourma_tibga;0,00000000;0,00000000;0,38461538;0,15384615;1,0000000;0,23076923;0,00000000;0,00000000;0,30769231;0,6923077;1,00000000;0,7692308;0,6923077;0,15384615;0,5384615;0,76923077;13;16; 36;0,36111111
gourma_yamba;0,00000000;0,09090909;0,18181818;0,00000000;1,0000000;0,09090909;0,09090909;0,09090909;0,18181818;0,8181818;0,90909091;0,9090909;0,7272727;0,09090909;0,3636364;0,81818182;11;13; 54;0,20370370
inekar_inekar;0,00000000;0,25000000;0,75000000;0,50000000;0,5000000;0,75000000;0,37500000;0,87500000;0,50000000;0,5000000;0,25000000;0,5000000;0,5000000;0,12500000;0,7500000;0,00000000; 8; 8; 11;0,72727273
komandjari_bartiebougou;0,00000000;0,00000000;1,00000000;1,00000000;1,0000000;1,00000000;0,00000000;1,00000000;1,00000000;0,0000000;1,00000000;1,0000000;1,0000000;0,00000000;1,0000000;0,50000000; 2; 3; 18;0,11111111
komandjari_foutouri;0,00000000;0,00000000;0,33333333;0,00000000;1,0000000;0,00000000;0,00000000;1,00000000;0,00000000;1,0000000;1,00000000;0,6666667;1,0000000;0,00000000;0,6666667;1,00000000; 3; 3; 23;0,13043478
komandjari_gayeri;0,10000000;0,30000000;0,30000000;0,20000000;1,0000000;0,70000000;0,00000000;0,90000000;0,40000000;0,6000000;1,00000000;0,7000000;0,8333333;0,00000000;0,5000000;0,80000000;10;11; 69;0,14492754
kompienga_kompienga;0,00000000;0,50000000;0,00000000;0,00000000;1,0000000;0,50000000;0,00000000;0,50000000;0,50000000;0,5000000;1,00000000;0,5000000;1,0000000;0,00000000;0,5000000;1,00000000; 2; 6; 12;0,16666667
kompienga_madjoari;0,00000000;1,00000000;1,00000000;1,00000000;0,5000000;1,00000000;1,00000000;1,00000000;1,00000000;0,0000000;0,50000000;1,0000000;0,5000000;0,00000000;1,0000000;0,00000000; 2; 3;  3;0,66666667
kompienga_pama;0,00000000;0,44444444;0,55555556;0,55555556;0,6666667;1,00000000;0,11111111;0,66666667;0,55555556;0,4444444;0,88888889;0,7777778;1,0000000;0,00000000;1,0000000;0,44444444; 9; 9;  8;1,12500000
koro_bamba;0,00000000;1,00000000;1,00000000;1,00000000;0,0000000;1,00000000;1,00000000;1,00000000;0,00000000;1,0000000;0,00000000;1,0000000;1,0000000;0,00000000;1,0000000;1,00000000; 2; 2; 30;0,06666667
koro_barapireli;1,00000000;1,00000000;1,00000000;1,00000000;1,0000000;1,00000000;0,00000000;0,00000000;0,00000000;1,0000000;1,00000000;1,0000000;1,0000000;0,00000000;0,0000000;1,00000000; 2; 2; 29;0,06896552
koro_bondo;0,00000000;1,00000000;0,00000000;0,00000000;0,5000000;1,00000000;0,00000000;0,00000000;0,00000000;1,0000000;1,00000000;1,0000000;1,0000000;0,00000000;1,0000000;1,00000000; 2; 2; 20;0,10000000
koro_diankabou;0,00000000;1,00000000;1,00000000;1,00000000;0,0000000;1,00000000;0,50000000;1,00000000;0,00000000;1,0000000;0,50000000;1,0000000;1,0000000;0,00000000;1,0000000;1,00000000; 2; 2; 27;0,07407407
koro_dinangourou;0,00000000;0,00000000;1,00000000;1,00000000;0,5000000;1,00000000;0,00000000;1,00000000;0,50000000;0,5000000;0,00000000;0,5000000;1,0000000;0,00000000;1,0000000;0,00000000; 2; 2; 24;0,08333333
koro_diougani;0,00000000;0,00000000;1,00000000;1,00000000;0,5000000;1,00000000;1,00000000;1,00000000;0,50000000;0,5000000;0,00000000;0,5000000;1,0000000;0,00000000;1,0000000;0,50000000; 2; 2; 42;0,04761905
koro_dougoutene_i;0,00000000;0,00000000;0,50000000;1,00000000;1,0000000;1,00000000;0,00000000;0,00000000;0,00000000;1,0000000;1,00000000;0,5000000;0,5000000;0,00000000;0,5000000;1,00000000; 2; 2; 29;0,06896552
koro_dougoutene_ii;0,00000000;0,00000000;0,00000000;1,00000000;1,0000000;1,00000000;0,00000000;0,00000000;0,00000000;1,0000000;0,00000000;0,0000000;1,0000000;0,00000000;0,0000000;1,00000000; 2; 2; 37;0,05405405
koro_kassa;0,00000000;1,00000000;1,00000000;1,00000000;0,5000000;1,00000000;1,00000000;1,00000000;0,00000000;1,0000000;0,00000000;0,5000000;1,0000000;0,00000000;1,0000000;0,00000000; 2; 2; 19;0,10526316
koro_koporo_pen;0,00000000;1,00000000;1,00000000;1,00000000;1,0000000;1,00000000;0,00000000;0,00000000;0,00000000;1,0000000;1,00000000;1,0000000;1,0000000;0,00000000;1,0000000;1,00000000; 2; 2; 29;0,06896552
koro_koporokendie_na;0,00000000;0,00000000;0,00000000;0,00000000;0,5000000;1,00000000;0,50000000;0,50000000;0,00000000;1,0000000;0,00000000;1,0000000;1,0000000;0,00000000;0,0000000;1,00000000; 2; 2; 35;0,05714286
koro_koro;0,00000000;0,50000000;0,50000000;0,75000000;0,7500000;0,75000000;0,50000000;0,50000000;0,00000000;1,0000000;0,50000000;0,7500000;1,0000000;0,00000000;0,7500000;1,00000000; 4; 4; 64;0,06250000
koro_madougou;0,00000000;0,00000000;0,50000000;0,50000000;0,5000000;1,00000000;0,50000000;0,50000000;0,00000000;1,0000000;0,50000000;0,5000000;1,0000000;0,00000000;0,5000000;0,50000000; 2; 2; 44;0,04545455
koro_pel_maoude;0,00000000;0,00000000;0,00000000;0,00000000;0,5000000;1,00000000;0,50000000;0,50000000;0,00000000;1,0000000;0,50000000;0,5000000;1,0000000;0,00000000;0,0000000;1,00000000; 2; 2; 30;0,06666667
koro_yoro;0,50000000;1,00000000;0,50000000;1,00000000;0,5000000;1,00000000;0,00000000;1,00000000;0,00000000;1,0000000;0,50000000;1,0000000;1,0000000;0,00000000;0,0000000;0,00000000; 2; 2; 23;0,08695652
koro_youdiou;0,00000000;0,00000000;0,50000000;0,50000000;1,0000000;0,50000000;0,00000000;0,00000000;0,00000000;1,0000000;1,00000000;0,0000000;1,0000000;0,00000000;0,0000000;1,00000000; 2; 2; 19;0,10526316
loroum_bahn;0,00000000;0,00000000;1,00000000;0,87500000;0,5000000;0,87500000;0,25000000;0,87500000;0,62500000;0,3750000;0,75000000;0,3750000;1,0000000;0,12500000;1,0000000;1,00000000; 8; 8; 52;0,15384615
loroum_ouindigui;0,14285714;0,14285714;0,85714286;0,85714286;0,8571429;0,85714286;0,14285714;0,57142857;0,42857143;0,5714286;0,85714286;0,1428571;0,7500000;0,00000000;1,0000000;0,85714286; 7; 7; 16;0,43750000
loroum_solle;0,00000000;0,14285714;0,85714286;0,85714286;1,0000000;0,85714286;0,00000000;0,85714286;0,28571429;0,7142857;1,00000000;0,2857143;0,5000000;0,00000000;0,7142857;0,71428571; 7; 7; 28;0,25000000
loroum_titao;0,00000000;0,00000000;0,76923077;0,84615385;1,0000000;0,61538462;0,00000000;0,46153846;0,30769231;0,6923077;1,00000000;0,2307692;0,6250000;0,00000000;0,7692308;0,84615385;13;13; 57;0,22807018
menaka_menaka;0,00000000;0,58333333;0,50000000;0,50000000;0,5833333;0,66666667;0,50000000;0,66666667;0,41666667;0,5833333;0,16666667;0,3333333;0,8571429;0,25000000;0,5833333;0,33333333;12;12; 16;0,75000000
mopti_bassirou;0,00000000;0,00000000;0,50000000;0,50000000;0,5000000;1,00000000;0,50000000;0,50000000;0,00000000;1,0000000;1,00000000;0,0000000;0,0000000;0,00000000;0,0000000;1,00000000; 2; 2;  5;0,40000000
mopti_borondougou;0,00000000;0,00000000;0,50000000;0,50000000;0,0000000;1,00000000;0,50000000;1,00000000;0,00000000;1,0000000;0,00000000;0,0000000;NA;0,00000000;0,5000000;1,00000000; 2; 2;  9;0,22222222
mopti_dialloube;0,00000000;0,00000000;0,50000000;0,50000000;1,0000000;1,00000000;1,00000000;1,00000000;0,00000000;1,0000000;0,00000000;0,5000000;NA;0,00000000;0,0000000;1,00000000; 2; 2; 37;0,05405405
mopti_fatoma;0,00000000;0,00000000;0,33333333;0,33333333;1,0000000;1,00000000;0,00000000;0,00000000;0,00000000;1,0000000;1,00000000;0,0000000;1,0000000;0,00000000;0,0000000;1,00000000; 3; 3; 32;0,09375000
mopti_konna;0,00000000;0,50000000;0,50000000;0,50000000;1,0000000;1,00000000;0,00000000;0,00000000;0,00000000;1,0000000;1,00000000;0,0000000;1,0000000;0,00000000;0,0000000;1,00000000; 2; 2; 49;0,04081633
mopti_korombana;0,25000000;0,25000000;0,25000000;0,25000000;0,5000000;1,00000000;0,25000000;0,50000000;0,00000000;1,0000000;0,50000000;0,0000000;1,0000000;0,00000000;0,5000000;1,00000000; 4; 4; 35;0,11428571
mopti_koubaye;0,00000000;0,00000000;0,00000000;0,50000000;0,5000000;1,00000000;0,00000000;0,00000000;0,50000000;0,5000000;0,00000000;0,0000000;1,0000000;0,00000000;0,0000000;0,00000000; 2; 2; 12;0,16666667
mopti_kounari;0,00000000;0,00000000;0,50000000;1,00000000;0,0000000;1,00000000;0,00000000;1,00000000;0,00000000;1,0000000;0,00000000;0,5000000;1,0000000;0,00000000;0,0000000;1,00000000; 2; 2; 44;0,04545455
mopti_mopti;0,00000000;0,00000000;0,00000000;0,00000000;1,0000000;1,00000000;0,00000000;0,00000000;0,00000000;1,0000000;1,00000000;0,0000000;0,3333333;0,00000000;0,3333333;1,00000000; 3; 3; 11;0,27272727
mopti_ouro_modi;0,00000000;0,00000000;0,00000000;0,00000000;0,5000000;1,00000000;0,50000000;0,50000000;0,50000000;0,5000000;0,50000000;0,0000000;NA;0,00000000;0,5000000;1,00000000; 2; 2;  5;0,40000000
mopti_ouroube_doude;0,00000000;0,50000000;0,50000000;0,50000000;1,0000000;1,00000000;0,00000000;1,00000000;0,00000000;1,0000000;0,00000000;0,0000000;1,0000000;0,00000000;0,5000000;1,00000000; 2; 2; 11;0,18181818
mopti_sasalbe;0,00000000;0,50000000;0,50000000;0,50000000;0,5000000;1,00000000;1,00000000;0,50000000;0,00000000;1,0000000;0,50000000;0,0000000;1,0000000;0,00000000;0,0000000;1,00000000; 2; 2; 12;0,16666667
mopti_sio;0,00000000;0,00000000;0,50000000;0,00000000;1,0000000;1,00000000;0,00000000;0,00000000;0,00000000;1,0000000;1,00000000;0,0000000;1,0000000;0,00000000;0,0000000;1,00000000; 2; 2; 34;0,05882353
mopti_socoura;0,00000000;0,00000000;0,50000000;0,25000000;0,7500000;1,00000000;0,25000000;0,00000000;0,00000000;1,0000000;0,75000000;0,0000000;1,0000000;0,00000000;0,2500000;1,00000000; 4; 4; 47;0,08510638
mopti_soye;0,00000000;0,00000000;0,00000000;1,00000000;0,0000000;1,00000000;0,50000000;1,00000000;0,50000000;0,5000000;0,00000000;0,0000000;NA;0,00000000;0,0000000;0,00000000; 2; 2; 41;0,04878049
namentenga_boala;0,00000000;0,00000000;0,00000000;0,00000000;1,0000000;0,00000000;0,00000000;0,00000000;0,00000000;1,0000000;1,00000000;0,6666667;0,0000000;0,00000000;0,0000000;1,00000000; 3; 6; 22;0,13636364
namentenga_boulsa;0,00000000;0,00000000;0,00000000;0,00000000;1,0000000;0,00000000;0,00000000;0,00000000;0,42857143;0,5714286;1,00000000;0,4285714;0,2857143;0,00000000;0,0000000;1,00000000; 7;11; 69;0,10144928
namentenga_bouroum;0,50000000;0,50000000;0,25000000;1,00000000;1,0000000;0,25000000;0,00000000;0,75000000;0,00000000;1,0000000;1,00000000;0,7500000;0,7500000;0,00000000;0,2500000;0,50000000; 4; 6; 36;0,11111111
namentenga_dargo;0,00000000;0,00000000;0,00000000;0,00000000;1,0000000;0,00000000;0,00000000;0,00000000;0,50000000;0,5000000;1,00000000;0,0000000;0,5000000;0,00000000;0,0000000;1,00000000; 2; 6; 20;0,10000000
namentenga_nagbingou;0,00000000;0,00000000;0,00000000;1,00000000;1,0000000;0,00000000;0,00000000;0,00000000;0,00000000;1,0000000;1,00000000;0,0000000;1,0000000;0,00000000;0,0000000;1,00000000; 2; 2; 17;0,11764706
namentenga_tougouri;0,00000000;0,12500000;0,00000000;0,00000000;1,0000000;0,00000000;0,00000000;0,00000000;0,00000000;1,0000000;1,00000000;0,1250000;0,5000000;0,00000000;0,1250000;1,00000000; 8;12; 69;0,11594203
namentenga_yalgo;0,00000000;0,00000000;0,00000000;0,00000000;1,0000000;0,00000000;0,00000000;0,00000000;0,00000000;1,0000000;1,00000000;0,0000000;1,0000000;0,00000000;0,0000000;1,00000000; 2; 3; 20;0,10000000
namentenga_zeguedeguen;0,00000000;0,00000000;0,33333333;0,00000000;1,0000000;0,00000000;0,00000000;0,00000000;0,00000000;1,0000000;1,00000000;0,3333333;0,0000000;0,00000000;0,0000000;1,00000000; 3; 5; 25;0,12000000
niafunke_banikane_narhawa;0,00000000;0,00000000;0,25000000;0,25000000;0,5000000;1,00000000;0,25000000;0,50000000;0,00000000;1,0000000;0,75000000;0,7500000;1,0000000;0,00000000;0,0000000;1,00000000; 4; 4; 49;0,08163265
niafunke_dianke;0,00000000;0,00000000;0,50000000;0,50000000;0,5000000;1,00000000;0,25000000;0,75000000;0,00000000;1,0000000;0,50000000;0,5000000;1,0000000;0,00000000;0,0000000;1,00000000; 4; 4; 16;0,25000000
niafunke_fittouga;0,00000000;0,00000000;0,00000000;0,25000000;0,5000000;1,00000000;0,00000000;1,00000000;0,00000000;1,0000000;0,75000000;0,5000000;NA;0,00000000;0,0000000;1,00000000; 4; 4; 79;0,05063291
niafunke_koumaira;0,00000000;0,00000000;0,66666667;0,66666667;1,0000000;1,00000000;1,00000000;1,00000000;0,00000000;1,0000000;0,66666667;1,0000000;1,0000000;0,00000000;0,0000000;1,00000000; 3; 3; 44;0,06818182
niafunke_lere;0,00000000;0,00000000;0,75000000;0,75000000;0,5000000;1,00000000;0,25000000;0,75000000;0,00000000;1,0000000;0,75000000;0,7500000;1,0000000;0,00000000;0,0000000;1,00000000; 4; 4; 19;0,21052632
niafunke_n_gorkou;0,00000000;0,00000000;0,66666667;0,66666667;1,0000000;1,00000000;0,00000000;1,00000000;0,00000000;1,0000000;1,00000000;1,0000000;1,0000000;0,00000000;0,0000000;1,00000000; 3; 3; 61;0,04918033
niafunke_souboundou;0,00000000;0,00000000;0,25000000;0,50000000;0,5000000;1,00000000;0,00000000;0,75000000;0,00000000;1,0000000;0,50000000;0,2500000;1,0000000;0,00000000;0,2500000;1,00000000; 4; 4; 52;0,07692308
niafunke_soumpi;0,00000000;0,00000000;0,75000000;0,75000000;1,0000000;1,00000000;0,50000000;1,00000000;0,00000000;1,0000000;1,00000000;1,0000000;1,0000000;0,00000000;0,0000000;1,00000000; 4; 4; 25;0,16000000
ouallam_dingazi;0,00000000;0,00000000;0,71428571;0,85714286;1,0000000;0,85714286;0,00000000;0,42857143;0,71428571;0,2857143;1,00000000;0,1428571;NA;0,00000000;0,5714286;0,14285714; 7; 8;130;0,05384615
ouallam_ouallam;0,00000000;0,05263158;0,52631579;0,36842105;1,0000000;0,15789474;0,00000000;0,00000000;0,05263158;0,9473684;0,84210526;0,4210526;0,0000000;0,05263158;0,3684211;0,73684211;19;25;150;0,12666667
ouallam_simiri;0,00000000;0,00000000;0,68000000;0,52000000;1,0000000;0,12000000;0,00000000;0,04000000;0,16000000;0,8400000;0,84000000;0,4000000;NA;0,04000000;0,7200000;0,84000000;25;35;425;0,05882353
ouallam_tondikiwindi;0,09523810;0,19047619;0,61904762;0,42857143;1,0000000;0,38095238;0,04761905;0,19047619;0,19047619;0,8095238;0,85714286;0,5714286;0,8000000;0,00000000;0,5238095;0,47619048;21;35;280;0,07500000
oudalan_deou;0,00000000;0,75000000;1,00000000;0,50000000;1,0000000;0,25000000;0,00000000;1,00000000;0,75000000;0,2500000;1,00000000;0,7500000;0,2500000;0,00000000;0,5000000;0,50000000; 4; 6; 51;0,07843137
oudalan_gorom_gorom;0,00000000;0,14285714;0,14285714;0,28571429;1,0000000;0,14285714;0,00000000;0,85714286;0,42857143;0,5714286;1,00000000;0,7142857;0,7142857;0,00000000;0,2857143;1,00000000; 7;12;104;0,06730769
oudalan_markoye;0,33333333;0,66666667;0,50000000;1,00000000;1,0000000;1,00000000;0,00000000;0,66666667;0,33333333;0,6666667;1,00000000;1,0000000;1,0000000;0,00000000;0,8333333;1,00000000; 6; 7; 48;0,12500000
oudalan_oursi;0,00000000;0,33333333;1,00000000;1,00000000;1,0000000;1,00000000;0,00000000;1,00000000;0,66666667;0,3333333;1,00000000;1,0000000;1,0000000;0,00000000;1,0000000;0,33333333; 3; 3; 14;0,21428571
oudalan_tin_akoff;0,14285714;0,28571429;0,85714286;1,00000000;0,7142857;0,85714286;0,85714286;1,00000000;0,71428571;0,2857143;0,28571429;0,5714286;0,5000000;0,00000000;0,7142857;0,14285714; 7;10; 67;0,10447761
passore_arbolle;0,00000000;0,00000000;0,25000000;0,00000000;1,0000000;0,00000000;0,00000000;0,00000000;0,50000000;0,5000000;1,00000000;0,0000000;1,0000000;0,00000000;0,5000000;0,75000000; 4; 4; 55;0,07272727
passore_bagare;0,00000000;0,00000000;0,50000000;0,00000000;1,0000000;0,00000000;0,00000000;0,00000000;1,00000000;0,0000000;1,00000000;0,0000000;0,5000000;0,00000000;1,0000000;1,00000000; 2; 2; 26;0,07692308
passore_boken;0,00000000;0,00000000;0,66666667;0,00000000;1,0000000;0,00000000;0,00000000;0,00000000;0,33333333;0,6666667;1,00000000;0,6666667;1,0000000;0,00000000;0,6666667;1,00000000; 3; 4; 57;0,05263158
passore_gomponsom;0,00000000;0,20000000;0,40000000;0,00000000;1,0000000;0,20000000;0,00000000;0,00000000;0,20000000;0,8000000;1,00000000;0,2000000;0,0000000;0,00000000;0,6000000;0,60000000; 5; 5; 19;0,26315789
passore_kirsi;0,00000000;0,00000000;0,50000000;0,00000000;1,0000000;0,50000000;0,00000000;0,00000000;1,00000000;0,0000000;1,00000000;0,5000000;NA;0,00000000;1,0000000;1,00000000; 2; 2; 17;0,11764706
passore_la_toden;0,00000000;0,00000000;0,50000000;0,00000000;1,0000000;0,00000000;0,00000000;0,00000000;0,00000000;1,0000000;1,00000000;0,0000000;NA;0,00000000;0,5000000;1,00000000; 2; 2; 26;0,07692308
passore_pilimpikou;0,00000000;0,00000000;1,00000000;0,00000000;1,0000000;0,00000000;0,00000000;0,00000000;0,00000000;1,0000000;1,00000000;1,0000000;NA;0,00000000;0,0000000;1,00000000; 1; 1; 15;0,06666667
passore_samba;0,00000000;0,00000000;0,20000000;0,00000000;1,0000000;0,00000000;0,00000000;0,00000000;0,00000000;1,0000000;1,00000000;0,4000000;0,0000000;0,00000000;0,4000000;0,80000000; 5; 5; 30;0,16666667
passore_yako;0,00000000;0,00000000;0,28571429;0,00000000;1,0000000;0,14285714;0,00000000;0,00000000;0,14285714;0,8571429;1,00000000;0,4285714;0,0000000;0,00000000;0,1428571;1,00000000; 7; 7; 58;0,12068966
sanmatenga_barsalogho;0,00000000;0,22222222;0,33333333;0,44444444;1,0000000;0,44444444;0,00000000;0,33333333;0,00000000;1,0000000;1,00000000;0,6666667;0,7500000;0,00000000;0,2222222;1,00000000; 9; 9; 77;0,11688312
sanmatenga_boussouma;0,00000000;0,00000000;0,00000000;0,00000000;1,0000000;0,00000000;0,00000000;0,00000000;0,00000000;1,0000000;0,87500000;0,1250000;0,5000000;0,00000000;0,0000000;1,00000000; 8;13; 90;0,08888889
sanmatenga_dablo;0,00000000;0,00000000;1,00000000;1,00000000;1,0000000;1,00000000;0,00000000;1,00000000;0,00000000;1,0000000;1,00000000;1,0000000;1,0000000;0,00000000;1,0000000;0,00000000; 1; 3; 19;0,05263158
sanmatenga_kaya;0,00000000;0,00000000;0,10000000;0,10000000;1,0000000;0,10000000;0,00000000;0,00000000;0,10000000;0,9000000;1,00000000;0,2000000;0,6000000;0,00000000;0,1000000;1,00000000;10;15; 86;0,11627907
sanmatenga_korsimoro;0,00000000;0,00000000;0,00000000;0,00000000;1,0000000;0,00000000;0,00000000;0,00000000;0,00000000;1,0000000;1,00000000;0,1428571;0,2857143;0,00000000;0,0000000;1,00000000; 7; 9; 60;0,11666667
sanmatenga_mane;0,00000000;0,00000000;0,00000000;0,00000000;1,0000000;0,00000000;0,00000000;0,00000000;0,00000000;1,0000000;1,00000000;0,0000000;0,3333333;0,00000000;0,0000000;1,00000000; 6;14; 71;0,08450704
sanmatenga_namissiguima;0,00000000;0,25000000;0,50000000;1,00000000;1,0000000;0,50000000;0,00000000;1,00000000;0,00000000;1,0000000;1,00000000;0,2500000;0,7500000;0,00000000;0,5000000;0,50000000; 4; 4; 25;0,16000000
sanmatenga_pensa;0,00000000;0,20000000;0,80000000;0,60000000;1,0000000;0,60000000;0,00000000;1,00000000;0,40000000;0,6000000;1,00000000;0,4000000;0,0000000;0,00000000;0,4000000;0,80000000; 5; 5; 39;0,12820513
sanmatenga_pibaore;0,00000000;0,00000000;0,00000000;0,00000000;1,0000000;0,00000000;0,00000000;0,00000000;0,00000000;1,0000000;1,00000000;0,0000000;0,0000000;0,00000000;0,0000000;0,75000000; 4; 5; 29;0,13793103
sanmatenga_pissila;0,00000000;0,22222222;0,11111111;0,22222222;1,0000000;0,00000000;0,00000000;0,11111111;0,00000000;1,0000000;1,00000000;0,3333333;0,4444444;0,00000000;0,1111111;1,00000000; 9;12; 78;0,11538462
sanmatenga_ziga;0,00000000;0,00000000;0,00000000;0,00000000;1,0000000;0,00000000;0,00000000;0,00000000;0,20000000;0,8000000;1,00000000;0,4000000;0,6000000;0,00000000;0,0000000;1,00000000; 5;10; 52;0,09615385
say_ouro_gueladjo;0,00000000;0,00000000;0,33333333;0,00000000;1,0000000;0,00000000;0,00000000;0,00000000;0,00000000;1,0000000;1,00000000;0,0000000;NA;0,00000000;0,3333333;1,00000000; 3; 3; 53;0,05660377
say_say;0,00000000;0,00000000;0,27272727;0,18181818;1,0000000;0,18181818;0,00000000;0,09090909;0,18181818;0,8181818;0,81818182;0,2727273;NA;0,18181818;0,4545455;0,81818182;11;20; 95;0,11578947
say_tamou;0,00000000;0,00000000;0,46153846;0,00000000;1,0000000;0,00000000;0,07692308;0,00000000;0,07692308;0,9230769;0,84615385;0,3076923;NA;0,15384615;0,3076923;0,76923077;13;18;230;0,05652174
seno_bani;0,20000000;0,20000000;0,40000000;0,20000000;1,0000000;0,00000000;0,00000000;0,40000000;0,20000000;0,8000000;1,00000000;1,0000000;0,4000000;0,00000000;0,0000000;0,80000000; 5; 8; 76;0,06578947
seno_dori;0,14285714;0,21428571;0,21428571;0,07142857;1,0000000;0,14285714;0,00000000;0,35714286;0,14285714;0,8571429;1,00000000;0,6428571;0,4285714;0,00000000;0,1428571;1,00000000;14;15;131;0,10687023
seno_falagountou;0,00000000;0,20000000;0,00000000;0,00000000;1,0000000;0,00000000;0,00000000;0,00000000;0,00000000;1,0000000;1,00000000;0,0000000;0,2000000;0,00000000;0,4000000;1,00000000; 5; 5; 25;0,20000000
seno_gorgadji;0,25000000;0,25000000;1,00000000;1,00000000;1,0000000;0,75000000;0,00000000;1,00000000;0,50000000;0,5000000;1,00000000;0,2500000;0,0000000;0,00000000;0,7500000;0,75000000; 4; 5; 33;0,12121212
seno_sampelga;0,50000000;0,50000000;0,50000000;0,50000000;1,0000000;0,50000000;0,00000000;1,00000000;1,00000000;0,0000000;1,00000000;0,5000000;0,5000000;0,00000000;0,0000000;1,00000000; 2; 3; 14;0,14285714
seno_seytenga;0,00000000;0,33333333;0,00000000;0,00000000;1,0000000;0,33333333;0,00000000;0,66666667;0,33333333;0,6666667;1,00000000;0,6666667;0,6666667;0,00000000;0,3333333;0,66666667; 3; 5; 36;0,08333333
soum_arbinda;0,33333333;0,33333333;0,66666667;0,66666667;1,0000000;0,66666667;0,00000000;1,00000000;0,00000000;1,0000000;1,00000000;1,0000000;0,6666667;0,00000000;0,3333333;1,00000000; 3; 6;103;0,02912621
soum_baraboule;0,00000000;0,12500000;0,87500000;0,87500000;0,8750000;0,75000000;0,37500000;1,00000000;0,50000000;0,5000000;0,75000000;0,5000000;1,0000000;0,12500000;0,7500000;0,37500000; 8; 9; 55;0,14545455
soum_diguel;0,00000000;0,00000000;0,50000000;0,00000000;1,0000000;0,00000000;0,00000000;1,00000000;0,50000000;0,5000000;1,00000000;0,7500000;0,2500000;0,00000000;0,2500000;0,75000000; 4; 5; 24;0,16666667
soum_djibo;0,00000000;0,25000000;1,00000000;0,75000000;1,0000000;0,25000000;0,00000000;0,75000000;0,25000000;0,7500000;1,00000000;0,7500000;1,0000000;0,00000000;0,5000000;1,00000000; 4; 6; 54;0,07407407
soum_kelbo;0,50000000;0,50000000;1,00000000;1,00000000;1,0000000;0,50000000;0,00000000;1,00000000;0,00000000;1,0000000;1,00000000;0,5000000;0,5000000;0,00000000;0,5000000;1,00000000; 2; 2; 13;0,15384615
soum_koutougou;0,00000000;0,00000000;0,75000000;0,50000000;1,0000000;0,50000000;0,00000000;1,00000000;0,50000000;0,5000000;1,00000000;0,7500000;0,2500000;0,00000000;0,2500000;0,75000000; 4; 4; 49;0,08163265
soum_nassoumbou;0,00000000;0,00000000;1,00000000;1,00000000;1,0000000;0,50000000;0,25000000;1,00000000;0,25000000;0,7500000;0,75000000;0,2500000;0,5000000;0,00000000;0,7500000;0,75000000; 4; 6; 67;0,05970149
soum_pobe_mengao;0,00000000;0,33333333;1,00000000;1,00000000;1,0000000;0,33333333;0,00000000;1,00000000;0,33333333;0,6666667;1,00000000;1,0000000;1,0000000;0,00000000;1,0000000;1,00000000; 3; 3; 12;0,25000000
soum_tongomayel;0,00000000;0,00000000;0,87500000;0,62500000;0,8750000;0,75000000;0,25000000;1,00000000;0,62500000;0,3750000;0,75000000;0,6250000;1,0000000;0,00000000;0,5000000;0,62500000; 8;10; 98;0,08163265
tapoa_botou;0,00000000;0,00000000;0,75000000;0,41666667;0,9166667;0,58333333;0,08333333;1,00000000;0,33333333;0,6666667;0,91666667;0,8333333;NA;0,00000000;1,0000000;0,83333333;12;13; 96;0,12500000
tapoa_diapaga;0,12500000;0,12500000;0,00000000;0,00000000;1,0000000;0,25000000;0,00000000;0,25000000;0,00000000;1,0000000;1,00000000;0,5000000;0,6666667;0,00000000;0,2500000;1,00000000; 8; 9; 49;0,16326531
tapoa_kantchari;0,07142857;0,14285714;0,14285714;0,07142857;1,0000000;0,14285714;0,07142857;0,57142857;0,00000000;1,0000000;0,92857143;0,4285714;1,0000000;0,00000000;0,7857143;0,42857143;14;17; 92;0,15217391
tapoa_logbou;0,00000000;0,50000000;0,50000000;0,00000000;1,0000000;1,00000000;0,00000000;1,00000000;0,50000000;0,5000000;1,00000000;1,0000000;1,0000000;0,00000000;0,0000000;1,00000000; 2; 3;  7;0,28571429
tapoa_namouno;0,33333333;0,33333333;0,66666667;0,33333333;1,0000000;0,33333333;0,00000000;0,33333333;0,00000000;1,0000000;1,00000000;0,6666667;0,5000000;0,00000000;1,0000000;1,00000000; 3; 3;  1;3,00000000
tapoa_partiaga;0,00000000;0,00000000;1,00000000;0,33333333;1,0000000;0,33333333;0,00000000;0,66666667;0,33333333;0,6666667;1,00000000;0,3333333;0,0000000;0,00000000;1,0000000;1,00000000; 3; 3; 15;0,20000000
tapoa_tambaga;1,00000000;1,00000000;0,00000000;0,00000000;1,0000000;0,00000000;0,00000000;0,00000000;0,00000000;1,0000000;1,00000000;1,0000000;0,0000000;0,00000000;1,0000000;1,00000000; 1; 3;  4;0,25000000
tapoa_tansarga;0,25000000;0,25000000;0,00000000;0,25000000;1,0000000;0,25000000;0,00000000;1,00000000;0,00000000;1,0000000;1,00000000;0,2500000;0,0000000;0,00000000;0,7500000;1,00000000; 4; 5;  2;2,00000000
tassara_tassara;0,06666667;0,06666667;0,63333333;0,70000000;0,5000000;0,50000000;0,26666667;0,16666667;0,30000000;0,7000000;0,40000000;0,2666667;0,1428571;0,03333333;0,5666667;0,66666667;30;48; 43;0,69767442
tenenkou_diafarabe;0,00000000;0,33333333;0,33333333;0,33333333;0,6666667;1,00000000;0,33333333;0,33333333;0,00000000;1,0000000;0,66666667;0,0000000;0,6666667;0,00000000;0,0000000;1,00000000; 3; 3; 19;0,15789474
tenenkou_diaka;0,00000000;0,00000000;0,33333333;0,33333333;0,3333333;1,00000000;0,00000000;0,66666667;0,00000000;1,0000000;0,33333333;0,0000000;1,0000000;0,00000000;0,6666667;1,00000000; 3; 3; 42;0,07142857
tenenkou_diondiori;0,00000000;0,25000000;0,75000000;0,50000000;0,5000000;1,00000000;0,75000000;0,75000000;0,00000000;1,0000000;0,25000000;0,2500000;1,0000000;0,00000000;0,5000000;1,00000000; 4; 4; 53;0,07547170
tenenkou_kareri;0,00000000;0,33333333;0,66666667;0,66666667;0,3333333;1,00000000;0,33333333;1,00000000;0,00000000;1,0000000;1,00000000;0,6666667;1,0000000;0,00000000;0,6666667;1,00000000; 3; 3; 84;0,03571429
tenenkou_kouboulou;0,00000000;0,00000000;0,00000000;0,00000000;1,0000000;1,00000000;0,00000000;1,00000000;0,00000000;1,0000000;1,00000000;0,0000000;1,0000000;0,00000000;0,0000000;1,00000000; 1; 1;NA;NA
tenenkou_ouro_ardo;0,00000000;0,00000000;0,66666667;0,66666667;0,6666667;1,00000000;0,66666667;0,33333333;0,00000000;1,0000000;0,33333333;0,3333333;NA;0,00000000;0,3333333;1,00000000; 3; 4; 32;0,09375000
tenenkou_ouro_guire;0,00000000;0,00000000;0,25000000;0,25000000;0,5000000;1,00000000;0,50000000;0,50000000;0,00000000;1,0000000;0,25000000;0,0000000;NA;0,00000000;0,2500000;1,00000000; 4; 4; 15;0,26666667
tenenkou_sougoulbe;0,00000000;0,00000000;0,33333333;0,00000000;0,6666667;1,00000000;0,33333333;0,66666667;0,00000000;1,0000000;0,33333333;0,0000000;1,0000000;0,00000000;0,6666667;0,66666667; 3; 3; 29;0,10344828
tenenkou_tenenkou;0,00000000;0,00000000;0,50000000;0,50000000;1,0000000;1,00000000;0,00000000;0,50000000;0,00000000;1,0000000;1,00000000;0,5000000;1,0000000;0,00000000;0,0000000;1,00000000; 2; 2;  1;2,00000000
tenenkou_togoro_kotia;0,00000000;0,00000000;0,50000000;0,75000000;0,0000000;1,00000000;0,50000000;1,00000000;0,00000000;1,0000000;0,25000000;0,2500000;NA;0,25000000;0,2500000;0,75000000; 4; 4; 22;0,18181818
tenenkou_toguere_coumbe;0,00000000;0,00000000;0,33333333;0,66666667;0,6666667;1,00000000;0,00000000;0,66666667;0,00000000;1,0000000;0,66666667;0,0000000;NA;0,00000000;0,0000000;1,00000000; 3; 3; 58;0,05172414
tera_diagourou;0,00000000;0,00000000;0,64285714;0,42857143;0,9285714;0,42857143;0,07142857;0,78571429;0,07142857;0,9285714;0,85714286;0,6428571;NA;0,00000000;0,5714286;0,64285714;14;26;159;0,08805031
tera_gorouol;0,00000000;0,00000000;0,58333333;0,25000000;1,0000000;0,50000000;0,00000000;0,08333333;0,50000000;0,4166667;0,91666667;0,4166667;NA;0,00000000;0,8333333;0,41666667;12;17; 88;0,13636364
tera_kokorou;0,00000000;0,00000000;0,53333333;0,40000000;1,0000000;0,20000000;0,00000000;0,20000000;0,06666667;0,9333333;0,80000000;0,4666667;NA;0,00000000;0,4000000;0,86666667;15;18;255;0,05882353
tera_mehana;0,00000000;0,00000000;0,31250000;0,31250000;1,0000000;0,06250000;0,00000000;0,00000000;0,50000000;0,5000000;0,93750000;0,3125000;NA;0,00000000;0,8125000;0,81250000;16;27; 89;0,17977528
tera_tera;0,00000000;0,00000000;0,56250000;0,25000000;1,0000000;0,25000000;0,00000000;0,12500000;0,12500000;0,8750000;0,75000000;0,6250000;1,0000000;0,00000000;0,6875000;0,75000000;16;27; 82;0,19512195
tidermene_tidermene;0,46153846;0,61538462;0,61538462;0,61538462;0,5384615;0,61538462;0,46153846;0,84615385;0,53846154;0,4615385;0,07692308;0,5384615;0,5000000;0,15384615;0,6923077;0,00000000;13;13; 10;1,30000000
tillaberi_anzourou;0,00000000;0,12500000;0,62500000;0,50000000;1,0000000;0,75000000;0,00000000;0,37500000;0,37500000;0,6250000;0,87500000;0,5000000;1,0000000;0,00000000;0,2500000;0,25000000; 8;11; 39;0,20512821
tillaberi_bibiyergou;0,00000000;0,00000000;1,00000000;0,00000000;1,0000000;0,00000000;0,00000000;0,00000000;0,00000000;1,0000000;1,00000000;1,0000000;NA;0,00000000;0,0000000;0,00000000; 1; 1; 12;0,08333333
tillaberi_dessa;0,00000000;0,00000000;0,20000000;0,00000000;1,0000000;0,60000000;0,00000000;0,00000000;0,00000000;1,0000000;1,00000000;0,2000000;NA;0,00000000;0,0000000;1,00000000; 5;10; 60;0,08333333
tillaberi_kourteye;0,00000000;0,00000000;0,61538462;0,07692308;1,0000000;0,07692308;0,00000000;0,00000000;0,15384615;0,8461538;0,92307692;0,6153846;NA;0,07692308;0,3846154;0,53846154;13;23;241;0,05394191
tillaberi_sakoira;0,00000000;0,12500000;0,37500000;0,25000000;1,0000000;0,12500000;0,00000000;0,00000000;0,37500000;0,6250000;1,00000000;0,6250000;1,0000000;0,00000000;0,3750000;0,87500000; 8;20; 83;0,09638554
tillaberi_sinder;0,00000000;0,00000000;0,66666667;0,50000000;1,0000000;0,33333333;0,00000000;0,00000000;0,16666667;0,8333333;0,83333333;0,5000000;NA;0,00000000;0,6666667;0,83333333; 6;14; 75;0,08000000
tillaberi_tillaberi;0,00000000;0,00000000;0,41666667;0,33333333;1,0000000;0,08333333;0,00000000;0,00000000;0,08333333;0,9166667;0,91666667;0,4166667;NA;0,16666667;0,2500000;0,66666667;12;26; 37;0,32432432
tillia_tillia;0,09090909;0,09090909;0,50000000;0,50000000;0,9090909;0,50000000;0,22727273;0,18181818;0,31818182;0,6818182;0,63636364;0,3636364;0,1666667;0,09090909;0,2727273;0,81818182;22;38; 36;0,61111111
tombouctou_alafia;0,00000000;0,00000000;0,00000000;0,50000000;0,5000000;0,00000000;0,50000000;0,00000000;0,00000000;1,0000000;0,50000000;0,0000000;NA;0,00000000;0,5000000;0,50000000; 2; 2; 23;0,08695652
tombouctou_ber;0,00000000;0,00000000;0,66666667;0,66666667;0,6666667;1,00000000;1,00000000;0,66666667;0,66666667;0,3333333;0,00000000;0,3333333;NA;0,00000000;0,6666667;0,33333333; 3; 3; 22;0,13636364
tombouctou_bourem_inaly;0,00000000;0,50000000;0,00000000;0,00000000;1,0000000;0,00000000;0,00000000;0,00000000;0,00000000;1,0000000;1,00000000;0,0000000;0,0000000;0,00000000;0,0000000;0,00000000; 2; 2; 17;0,11764706
tombouctou_lafia;0,00000000;0,00000000;0,00000000;0,00000000;0,5000000;0,50000000;0,50000000;0,50000000;0,50000000;0,5000000;0,50000000;0,0000000;NA;0,00000000;0,5000000;0,50000000; 2; 2; 15;0,13333333
tombouctou_salam;0,00000000;0,00000000;0,50000000;0,50000000;0,0000000;0,50000000;1,00000000;0,50000000;0,50000000;0,5000000;0,00000000;0,5000000;NA;0,00000000;1,0000000;0,00000000; 2; 2; 34;0,05882353
tombouctou_tombouctou;0,00000000;0,00000000;0,00000000;0,00000000;1,0000000;0,00000000;0,00000000;0,00000000;0,00000000;1,0000000;0,60000000;0,0000000;0,0000000;0,00000000;0,0000000;0,40000000; 5; 5; 13;0,38461538
torodi_makalondi;0,00000000;0,00000000;0,44444444;0,11111111;1,0000000;0,22222222;0,00000000;0,22222222;0,11111111;0,8888889;0,77777778;0,4444444;1,0000000;0,11111111;0,5555556;0,88888889; 9;15;139;0,06474820
torodi_torodi;0,00000000;0,00000000;0,55555556;0,44444444;1,0000000;0,50000000;0,00000000;0,38888889;0,00000000;1,0000000;0,55555556;0,5000000;NA;0,00000000;0,6111111;1,00000000;18;24;207;0,08695652
yagha_boundore;0,00000000;0,40000000;0,80000000;0,60000000;0,6000000;0,60000000;0,40000000;1,00000000;0,20000000;0,8000000;0,60000000;0,8000000;0,3333333;0,00000000;0,6000000;0,80000000; 5; 5; 32;0,15625000
yagha_mansila;0,33333333;1,00000000;1,00000000;1,00000000;0,6666667;1,00000000;0,00000000;1,00000000;0,33333333;0,6666667;1,00000000;1,0000000;1,0000000;0,00000000;0,6666667;1,00000000; 3; 3; 45;0,06666667
yagha_sebba;0,25000000;0,75000000;0,00000000;0,50000000;1,0000000;0,00000000;0,00000000;0,75000000;0,00000000;1,0000000;1,00000000;1,0000000;0,7500000;0,00000000;0,2500000;1,00000000; 4; 4; 59;0,06779661
yagha_solhan;0,00000000;0,80000000;0,80000000;0,80000000;1,0000000;0,40000000;0,00000000;1,00000000;0,40000000;0,6000000;1,00000000;0,6000000;0,8000000;0,00000000;0,6000000;0,80000000; 5; 5; 65;0,07692308
yagha_tankougounadie;0,00000000;1,00000000;0,33333333;1,00000000;1,0000000;1,00000000;0,66666667;1,00000000;0,00000000;1,0000000;0,33333333;1,0000000;1,0000000;0,00000000;0,3333333;0,66666667; 3; 3; 27;0,11111111
yagha_titabe;0,25000000;1,00000000;0,50000000;1,00000000;0,7500000;1,00000000;0,00000000;1,00000000;0,25000000;0,7500000;1,00000000;0,7500000;0,5000000;0,00000000;0,2500000;1,00000000; 4; 4; 33;0,12121212
yatenga_barga;0,40000000;0,60000000;0,60000000;0,80000000;0,6000000;1,00000000;0,00000000;0,60000000;0,00000000;1,0000000;1,00000000;0,0000000;1,0000000;0,00000000;0,8000000;1,00000000; 5; 5; 15;0,33333333
yatenga_kain;0,00000000;0,00000000;1,00000000;1,00000000;0,4285714;1,00000000;0,00000000;1,00000000;0,14285714;0,8571429;1,00000000;0,2857143;1,0000000;0,00000000;0,8571429;0,85714286; 7; 7; 16;0,43750000
yatenga_kalsaka;0,14285714;0,14285714;0,14285714;0,00000000;1,0000000;0,14285714;0,00000000;0,00000000;0,28571429;0,7142857;1,00000000;0,2857143;0,4285714;0,00000000;0,4285714;1,00000000; 7; 7; 42;0,16666667
yatenga_kossouka;0,00000000;0,50000000;0,00000000;0,00000000;1,0000000;0,50000000;0,00000000;0,00000000;0,50000000;0,5000000;1,00000000;0,5000000;0,0000000;0,00000000;1,0000000;1,00000000; 2; 2; 11;0,18181818
yatenga_koumbri;0,40000000;0,60000000;0,60000000;1,00000000;0,2000000;1,00000000;0,00000000;1,00000000;0,20000000;0,8000000;1,00000000;0,4000000;0,6666667;0,20000000;0,8000000;1,00000000; 5; 5; 22;0,22727273
yatenga_namissiguima;0,28571429;0,28571429;0,28571429;0,14285714;1,0000000;0,00000000;0,00000000;0,00000000;0,71428571;0,2857143;1,00000000;0,2857143;0,3333333;0,00000000;0,8571429;1,00000000; 7; 8; 26;0,26923077
yatenga_ouahigouya;0,54545455;0,72727273;0,36363636;0,18181818;1,0000000;0,27272727;0,00000000;0,00000000;0,72727273;0,2727273;1,00000000;0,1818182;0,7272727;0,00000000;0,3636364;1,00000000;11;11; 53;0,20754717
yatenga_oula;0,10000000;0,20000000;0,00000000;0,00000000;1,0000000;0,20000000;0,00000000;0,00000000;0,60000000;0,4000000;1,00000000;0,1000000;0,2857143;0,00000000;0,4000000;1,00000000;10;10; 47;0,21276596
yatenga_rambo;0,00000000;0,33333333;0,33333333;0,00000000;1,0000000;0,00000000;0,00000000;0,00000000;0,33333333;0,6666667;1,00000000;0,6666667;1,0000000;0,00000000;0,6666667;1,00000000; 3; 4; 17;0,17647059
yatenga_senguenega;0,00000000;0,00000000;0,22222222;0,11111111;1,0000000;0,11111111;0,00000000;0,00000000;0,33333333;0,6666667;1,00000000;0,2222222;0,2857143;0,00000000;0,5555556;1,00000000; 9; 9; 35;0,25714286
yatenga_tangaye;0,20000000;0,20000000;1,00000000;1,00000000;0,8000000;0,80000000;0,00000000;1,00000000;0,40000000;0,6000000;1,00000000;0,2000000;1,0000000;0,00000000;0,6000000;1,00000000; 5; 5; 34;0,14705882
yatenga_thiou;0,00000000;0,10000000;1,00000000;1,00000000;0,9000000;0,80000000;0,10000000;0,70000000;0,20000000;0,8000000;0,90000000;0,0000000;1,0000000;0,00000000;0,8000000;1,00000000;10;11; 48;0,20833333
yatenga_zogore;0,14285714;0,28571429;0,42857143;0,28571429;1,0000000;0,57142857;0,00000000;0,00000000;0,71428571;0,2857143;1,00000000;0,2857143;0,8000000;0,00000000;0,7142857;1,00000000; 7; 7; 21;0,33333333
youwarou_bimbere_tama;0,00000000;0,33333333;0,66666667;0,66666667;0,3333333;1,00000000;0,66666667;0,66666667;0,00000000;1,0000000;0,66666667;0,0000000;1,0000000;0,00000000;0,0000000;1,00000000; 3; 3; 16;0,18750000
youwarou_deboye;0,00000000;0,00000000;0,00000000;0,50000000;0,5000000;1,00000000;0,50000000;0,00000000;0,00000000;1,0000000;0,50000000;0,0000000;NA;0,00000000;0,0000000;1,00000000; 2; 2; 43;0,04651163
youwarou_dirma;0,00000000;0,33333333;0,33333333;0,33333333;1,0000000;1,00000000;0,00000000;0,66666667;0,00000000;1,0000000;0,66666667;0,3333333;1,0000000;0,00000000;0,0000000;1,00000000; 3; 3; 29;0,10344828
youwarou_dongo;0,00000000;0,00000000;0,50000000;0,75000000;0,5000000;1,00000000;0,50000000;1,00000000;0,00000000;1,0000000;0,50000000;0,2500000;1,0000000;0,00000000;0,5000000;1,00000000; 4; 4; 18;0,22222222
youwarou_farimake;0,00000000;0,25000000;0,50000000;0,50000000;0,5000000;1,00000000;0,75000000;1,00000000;0,25000000;0,7500000;0,25000000;0,2500000;1,0000000;0,00000000;0,0000000;0,75000000; 4; 4; 35;0,11428571
youwarou_n_dodjiga;0,00000000;0,00000000;0,66666667;0,66666667;1,0000000;1,00000000;1,00000000;1,00000000;0,00000000;1,0000000;0,00000000;0,3333333;1,0000000;0,00000000;0,0000000;1,00000000; 3; 3; 61;0,04918033
youwarou_youwarou;0,00000000;0,00000000;0,00000000;0,00000000;1,0000000;1,00000000;0,33333333;0,33333333;0,00000000;1,0000000;1,00000000;0,0000000;0,5000000;0,00000000;0,0000000;1,00000000; 3; 3; 31;0,09677419
zondoma_bassi;0,00000000;0,00000000;0,60000000;0,00000000;1,0000000;0,20000000;0,00000000;0,00000000;0,00000000;1,0000000;1,00000000;0,2000000;0,6666667;0,00000000;0,4000000;1,00000000; 5; 5; 15;0,33333333
zondoma_boussou;0,00000000;0,00000000;0,00000000;0,00000000;1,0000000;0,00000000;0,00000000;0,00000000;0,16666667;0,8333333;1,00000000;0,3333333;0,0000000;0,00000000;0,6666667;1,00000000; 6; 6; 20;0,30000000
zondoma_goursi;0,00000000;0,09090909;0,09090909;0,00000000;1,0000000;0,00000000;0,00000000;0,00000000;0,27272727;0,7272727;1,00000000;0,0000000;0,3333333;0,00000000;0,4545455;1,00000000;11;11; 44;0,25000000
zondoma_leba;0,00000000;0,00000000;0,50000000;0,00000000;1,0000000;0,00000000;0,00000000;0,00000000;0,25000000;0,7500000;1,00000000;0,0000000;1,0000000;0,00000000;0,0000000;1,00000000; 4; 4; 15;0,26666667
zondoma_tougo;0,00000000;0,00000000;0,50000000;0,00000000;1,0000000;0,00000000;0,00000000;0,00000000;0,25000000;0,7500000;1,00000000;0,0000000;NA;0,00000000;0,2500000;1,00000000; 4; 4; 24;0,16666667
