"dep_com","idp_refugie_last_month","idp_refugie_3_months","food_access_no","mean_existence_access_no","market_access","security_feeling_no","health_access_no","education_access_no","diff_info_access","diff_info_access_no","nutri_programme","enough_water_access_no","pdi_vivant_cond_adeq_no","abris_dommages","procuration_savon","tel_mobile","settlement_assessed_num","ki_num","n","dep_percentage"
"abala_abala",0,0,0.5,0.605263157894737,0.868421052631579,0.473684210526316,0,0.289473684210526,0.105263157894737,0.894736842105263,0.710526315789474,0.710526315789474,0.333333333333333,0.0526315789473684,0.789473684210526,0.789473684210526,38,58,142,0.267605633802817
"abala_sanam",0,0,0.473684210526316,0.473684210526316,0.789473684210526,0.526315789473684,0.105263157894737,0.210526315789474,0.315789473684211,0.684210526315789,0.789473684210526,0.631578947368421,NA,0,0.736842105263158,0.736842105263158,19,33,140,0.135714285714286
"anderamboukane_anderamboukane",0.166666666666667,0.333333333333333,0.583333333333333,0.666666666666667,0.583333333333333,0.75,0.75,0.916666666666667,0.5,0.5,0,0.666666666666667,0.75,0.166666666666667,0.916666666666667,0,12,12,14,0.857142857142857
"ansongo_ansongo",0,0,0.6,0.2,1,1,0,0.4,0.2,0.8,0.8,0,1,0.2,0.6,0.2,5,5,27,0.185185185185185
"ansongo_bara",0.25,0.25,0.625,0.625,0.75,1,0.375,0.875,0.5,0.5,0.5,0.125,1,0.25,1,0.375,8,8,21,0.380952380952381
"ansongo_bourra",0.25,0.25,0.375,0.25,0.75,0.75,0.375,0.875,0.625,0.375,0.375,0.25,1,0,0.75,0.5,8,8,35,0.228571428571429
"ansongo_ouattagouna",0.1,0.5,0.6,0.7,0.5,1,0.5,1,0.8,0.2,0,0.4,0.333333333333333,0.1,0.8,0,10,10,38,0.263157894736842
"ansongo_talataye",0.6,0.8,0.4,0.6,0.4,1,0.4,1,0.6,0.4,0.4,0.4,0.75,0.6,0.6,0,5,5,9,0.555555555555556
"ansongo_tessit",0.142857142857143,0.571428571428571,0.428571428571429,0.428571428571429,0.428571428571429,1,0.571428571428571,1,0.428571428571429,0.571428571428571,0.285714285714286,0.714285714285714,1,0.285714285714286,0.857142857142857,0.428571428571429,7,7,18,0.388888888888889
"ansongo_tin_hama",0.666666666666667,0.833333333333333,0.5,0.5,0.666666666666667,1,0.5,0.833333333333333,0.333333333333333,0.666666666666667,0.333333333333333,0.333333333333333,1,0.333333333333333,0.833333333333333,0.333333333333333,6,6,6,1
"ayerou_ayerou",0,0,0.666666666666667,0.5,1,0.833333333333333,0,0,0,1,0.666666666666667,0,1,0,0,0.333333333333333,6,9,105,0.0571428571428571
"ayerou_inates",0,0,0.833333333333333,0.833333333333333,1,0.833333333333333,0.166666666666667,0.5,0.333333333333333,0.666666666666667,0.666666666666667,0.666666666666667,NA,0,0.833333333333333,0.166666666666667,6,8,71,0.0845070422535211
"bam_bourzanga",0.2,0.6,0,0.2,1,0.6,0,0.4,0,1,1,0.4,0,0,0,1,5,7,41,0.121951219512195
"bam_guibare",0,0,0,0,1,0,0,0,0,1,1,0,0.5,0,0,1,2,2,18,0.111111111111111
"bam_kongoussi",0.2,0.2,0,0,1,0,0,0,0,1,1,0.4,0.8,0.2,0,1,5,8,58,0.0862068965517241
"bam_nassere",0,0,0,0,1,0,0,0,0,1,1,0.5,0,0,0,1,2,4,10,0.2
"bam_rollo",0,0,0,0,1,0.25,0,0,0,1,1,0.25,0.5,0,0,1,4,5,21,0.19047619047619
"bam_rouko",0,0,0,0,1,0,0,0,0,1,1,0.5,0.5,0,0,1,2,4,10,0.2
"bam_sabce",0,0.25,0.25,0,1,0,0,0,0,1,1,0.25,0.5,0,0,1,4,7,NA,NA
"bam_tikare",0,0,0.2,0,1,0,0,0,0,1,1,0.4,0,0,0,0.8,5,8,40,0.125
"bam_zimtenga",0.25,0.25,0.5,0,1,0,0,0,0.5,0.5,1,0.25,0,0,0,1,4,6,NA,NA
"bandiagara_bandiagara_commune",0,1,0,1,1,1,0,1,0,1,1,0.5,1,0,0.5,1,2,2,NA,NA
"bandiagara_bara_sara",0.5,0.5,0,1,1,1,0,1,0,1,1,0,1,0,0,1,2,2,34,0.0588235294117647
"bandiagara_borko",0,0,0,0.5,0.5,1,0.5,1,0,1,0,0.5,1,0,0,1,2,2,7,0.285714285714286
"bandiagara_dandoli",0,0,1,0.5,1,1,0,1,0,1,1,1,1,0,1,1,2,2,17,0.117647058823529
"bandiagara_diamnati",0.5,1,1,1,1,1,0,1,0,1,1,0,1,0,1,1,2,2,17,0.117647058823529
"bandiagara_dogani_bere",0,0,0.5,0.5,1,1,0,1,0,1,0.5,1,1,0,0.5,1,2,2,5,0.4
"bandiagara_doucoumbo",0,0.5,0.5,1,1,1,0,1,0,1,0.5,0,1,0,0,1,2,2,43,0.0465116279069767
"bandiagara_dourou",0,0,0,0,1,1,0,1,0,1,1,1,1,0,1,1,2,2,33,0.0606060606060606
"bandiagara_kende",0,0,0.5,0.5,1,1,0,1,0,1,0.5,0.5,1,0,0.5,1,2,2,7,0.285714285714286
"bandiagara_kendie",0.5,0.5,0,0.5,1,1,0,1,0,1,1,0,1,0,0,1,2,2,56,0.0357142857142857
"bandiagara_metoumou",0,0.5,0,1,0.5,1,0.5,1,0,1,0.5,0.5,0.5,0,0.5,1,2,2,24,0.0833333333333333
"bandiagara_ondougou",0,0,0.5,0,0,1,0,1,0,1,1,1,1,0,1,1,2,2,9,0.222222222222222
"bandiagara_pelou",0,0,1,1,1,1,0,1,0,1,1,0.5,1,0,0,1,2,2,4,0.5
"bandiagara_pignari",0,0,1,1,1,1,0.5,1,0,1,0,0.5,1,0,0,1,2,2,24,0.0833333333333333
"bandiagara_pignari_bana",0,0,0.5,0.5,0.5,1,0.5,1,0,1,0,0,1,0,0,1,2,2,38,0.0526315789473684
"bandiagara_sangha",0.5,1,0.5,1,1,1,0,1,0,1,1,0.5,1,0,0,1,2,2,84,0.0238095238095238
"bandiagara_segue_ire",0,1,0,1,1,1,0,1,0,1,1,0,1,0,1,1,2,2,21,0.0952380952380952
"bandiagara_soroly",0,0,0.5,1,1,1,0,1,0,1,0,0.5,1,0,1,1,2,2,18,0.111111111111111
"bandiagara_timiri",0,0,1,1,0,1,0.5,1,0,1,0,0.5,1,0,0.5,1,2,2,40,0.05
"bandiagara_wadouba",0.5,1,0,1,1,1,0,1,0,1,1,0,1,0,0,1,2,2,68,0.0294117647058824
"banibangou_banibangou",0,0,0.875,0.9375,0.8125,0.75,0.25,0.6875,0.5,0.5,0.75,0.5625,1,0,0.75,0.375,16,31,206,0.0776699029126214
"bankass_bankass",0,0.5,0,1,0.5,1,0,1,0,1,0.5,1,1,0,0.5,1,2,2,37,0.0540540540540541
"bankass_baye",0,0.333333333333333,0.333333333333333,1,0.333333333333333,1,0.666666666666667,1,0,1,0,0.666666666666667,1,0,0.666666666666667,1,3,3,70,0.0428571428571429
"bankass_diallassagou",0.333333333333333,1,0.666666666666667,0.666666666666667,0.333333333333333,1,0.666666666666667,1,0,1,0.333333333333333,0.666666666666667,1,0,0.333333333333333,1,3,3,39,0.0769230769230769
"bankass_dimbal_habe",0,0.333333333333333,0.333333333333333,1,0.666666666666667,1,0.333333333333333,1,0,1,0.666666666666667,0.333333333333333,0.666666666666667,0,0.333333333333333,1,3,3,37,0.0810810810810811
"bankass_kani_bozon",0,0.5,1,1,1,1,0.5,1,0,1,1,0.5,1,0,0,1,2,3,24,0.0833333333333333
"bankass_koulogon_habe",0,0,0.5,1,1,1,0,1,0,1,0,0,1,0,1,1,2,2,23,0.0869565217391304
"bankass_lessagou_habe",0,0,0.5,0.5,1,1,0.5,1,0,1,0.5,0.5,1,0,0.5,1,2,2,31,0.0645161290322581
"bankass_ouonkoro",0,0,0,1,1,1,0,1,0,1,1,1,1,0,0.5,1,2,2,32,0.0625
"bankass_segue",0,0,1,1,0.666666666666667,1,0.333333333333333,1,0.333333333333333,0.666666666666667,0.333333333333333,0.666666666666667,1,0,0.333333333333333,0.666666666666667,3,3,51,0.0588235294117647
"bankass_sokoura",0.666666666666667,1,0.666666666666667,0.666666666666667,1,1,0,1,0,1,1,0.666666666666667,1,0,0.333333333333333,1,3,3,57,0.0526315789473684
"bankass_soubala",0,0,0.5,0.5,1,1,0.5,1,0,1,0.5,0,1,0,0.5,1,2,2,17,0.117647058823529
"bankass_tori",0,0,0,1,1,1,0,1,0,1,1,0.5,1,0,0.5,1,2,2,23,0.0869565217391304
"bankilare_bankilare",0,0,0.375,0.625,1,0.125,0,0.125,0.375,0.625,0.625,0.75,0,0,0.375,0.875,8,13,155,0.0516129032258065
"bourem_bamba",0,0,0.571428571428571,0.571428571428571,0.714285714285714,0.714285714285714,0.285714285714286,0.571428571428571,0.285714285714286,0.714285714285714,0.142857142857143,0.428571428571429,0,0.285714285714286,0.571428571428571,0.428571428571429,7,7,54,0.12962962962963
"bourem_bourem",0,0.111111111111111,0.333333333333333,0.111111111111111,0.888888888888889,0.888888888888889,0,0.777777777777778,0.222222222222222,0.777777777777778,0.888888888888889,0.111111111111111,0,0,0.444444444444444,0.555555555555556,9,9,40,0.225
"bourem_taboye",0.333333333333333,0.333333333333333,0.666666666666667,0.5,1,0.666666666666667,0.166666666666667,0.666666666666667,0.166666666666667,0.666666666666667,0.666666666666667,0.166666666666667,0.5,0.166666666666667,0.5,0.166666666666667,6,6,28,0.214285714285714
"bourem_tarkint",0,0.2,0.666666666666667,0.466666666666667,0.533333333333333,0.8,0.533333333333333,0.733333333333333,0.333333333333333,0.666666666666667,0.2,0.533333333333333,0.6,0.0666666666666667,0.733333333333333,0.2,15,15,21,0.714285714285714
"bourem_temera",0,0,0.666666666666667,0.666666666666667,1,0.833333333333333,0.166666666666667,0.666666666666667,0.333333333333333,0.666666666666667,0.333333333333333,0.166666666666667,1,0.166666666666667,0.666666666666667,0.166666666666667,6,6,41,0.146341463414634
"dire_arham",0,0,0,0,1,0.5,0,0.5,0,1,0.5,0,NA,0,0,1,2,2,5,0.4
"dire_binga",0,0,0.333333333333333,0.333333333333333,0.666666666666667,0.333333333333333,1,1,0,1,0,0,0,0,1,0.666666666666667,3,3,8,0.375
"dire_dire",0,0,0,0,1,0,0,0,0,1,0.5,0,NA,0,0,0.5,2,2,4,0.5
"dire_garbakoira",0,0,0,0,1,0,0,1,0,1,1,0,NA,0,0,0,2,2,10,0.2
"dire_haibongo",0,0,0,0,1,0,0,0.5,0,1,1,0,NA,0,0,0,2,2,15,0.133333333333333
"dire_kirchamba",0,0,0.5,0.5,0.5,0.5,0,1,0.5,0.5,0.5,0.5,NA,0,0.5,0,2,2,5,0.4
"dire_kondi",0,0,0,1,0,1,1,1,0,1,0,1,NA,0,1,0,2,2,5,0.4
"dire_sareyamou",0,0,0,0,1,0,0,1,0,1,1,0,NA,0,0,0,2,2,19,0.105263157894737
"dire_tienkour",0,0,0,0,1,1,0,0,0,1,0,1,NA,0,0,0,1,1,10,0.1
"dire_tindirma",0,0,0.5,0.5,0.5,0.5,0.5,0.5,0.5,0.5,0.5,0.5,NA,0,0.5,0,2,2,9,0.222222222222222
"djenne_dandougou_fakala",0,0.333333333333333,0.333333333333333,0.333333333333333,0.666666666666667,1,0.333333333333333,0.333333333333333,0,1,0.333333333333333,0,1,0,0.333333333333333,1,3,3,15,0.2
"djenne_derrary",0,0,1,1,0.333333333333333,1,0.333333333333333,1,0,1,0.666666666666667,0.333333333333333,1,0,0,1,3,3,8,0.375
"djenne_djenne_commune",0,0,0,0,0.666666666666667,1,0,0.666666666666667,0,1,0.666666666666667,0.333333333333333,1,0,0,1,3,3,NA,NA
"djenne_fakala",0,0.333333333333333,0.666666666666667,0.666666666666667,1,1,0,0.666666666666667,0,1,1,0.333333333333333,1,0,0,0.666666666666667,3,3,61,0.0491803278688525
"djenne_femaye",0,0,0,0,1,1,0,0.666666666666667,0,1,1,0.333333333333333,1,0,0,1,3,3,21,0.142857142857143
"djenne_kewa",0,0,0.333333333333333,0.333333333333333,0.666666666666667,1,1,1,0,1,0,0.333333333333333,1,0,0.333333333333333,1,3,3,43,0.0697674418604651
"djenne_madiama",0.333333333333333,0.333333333333333,0,0,1,1,0,0.666666666666667,0,1,0.666666666666667,0,1,0,0,1,3,3,12,0.25
"djenne_nema_badenyakafo",0,0,0.333333333333333,0.333333333333333,0,1,0.333333333333333,0.666666666666667,0.333333333333333,0.666666666666667,0.666666666666667,0.666666666666667,NA,0,0.333333333333333,0.666666666666667,3,3,80,0.0375
"djenne_niansanari",0,0,0.333333333333333,0,1,1,0,0,0,1,1,0.333333333333333,1,0,0,1,3,3,8,0.375
"djenne_ouro_ali",0,0,0.666666666666667,0.666666666666667,1,1,0,0.666666666666667,0,1,1,0.333333333333333,1,0,0,1,3,3,16,0.1875
"djenne_pondori",0,0,0.333333333333333,0.333333333333333,1,1,0,1,0,1,0.333333333333333,0,NA,0,0.333333333333333,0.666666666666667,3,3,6,0.5
"djenne_togue_mourari",0,0,0.666666666666667,0.666666666666667,0,1,0.333333333333333,1,0,1,0,0,NA,0,0.333333333333333,1,3,3,13,0.230769230769231
"douentza_dallah",0,0,0.666666666666667,0.666666666666667,0.666666666666667,1,0.333333333333333,1,0.666666666666667,0.333333333333333,0.333333333333333,0.666666666666667,1,0,0.333333333333333,0.666666666666667,3,3,23,0.130434782608696
"douentza_dangol_bore",0.333333333333333,0.666666666666667,0.333333333333333,0.666666666666667,0.666666666666667,1,0.333333333333333,1,0,1,0,0.333333333333333,1,0,0.333333333333333,1,3,3,36,0.0833333333333333
"douentza_debere",0,0,1,1,1,1,0.5,1,0,1,0.5,1,NA,0,0,1,2,4,8,0.25
"douentza_dianwely",0,0.333333333333333,0.666666666666667,0.666666666666667,1,1,0,0.666666666666667,0,1,0.333333333333333,0.333333333333333,1,0,0.666666666666667,1,3,3,10,0.3
"douentza_djaptodji",0,0.5,0.5,0.5,1,1,0,0.5,0,1,1,0.5,0.5,0,0,1,2,3,72,0.0277777777777778
"douentza_douentza_commune",0,0,1,1,0.5,1,0.5,1,0,1,0.5,0.5,1,0,1,1,2,2,NA,NA
"douentza_gandamia",0,0,0,0,1,1,0.5,1,1,0,0,0.5,NA,0,0,1,2,2,8,0.25
"douentza_haire",0,0,1,1,0.5,1,0.5,1,0,1,0,1,1,0,0.5,0.5,2,2,58,0.0344827586206897
"douentza_hombori",0.333333333333333,0.333333333333333,0.333333333333333,1,0.666666666666667,1,0.666666666666667,1,0,1,0.333333333333333,0.666666666666667,1,0,0.333333333333333,0.666666666666667,3,3,33,0.0909090909090909
"douentza_kerena",0,0,1,1,0,1,0.5,0,0,1,0,1,1,0,1,1,2,2,4,0.5
"douentza_koubewel_koundia",0,0,0.5,1,0.5,1,0.5,1,0,1,0.5,0.5,1,0,0.5,1,2,2,22,0.0909090909090909
"douentza_mondoro",0,0,1,1,0.666666666666667,1,0.333333333333333,1,0,1,0,0.666666666666667,NA,0,0,0.333333333333333,3,3,38,0.0789473684210526
"douentza_petaka",0,0,0.5,1,1,1,0,1,0.5,0.5,0.5,0.5,1,0,0.5,1,2,2,5,0.4
"douentza_tedie",0,0,0.5,1,0.5,1,0.5,1,0,1,0.5,0,NA,0,0.5,1,2,2,15,0.133333333333333
"filingue_filingue",0,0,0.366666666666667,0.533333333333333,1,0.133333333333333,0,0,0.1,0.9,0.866666666666667,0.5,NA,0,0.533333333333333,0.866666666666667,30,42,180,0.166666666666667
"filingue_imanan",0,0,0.428571428571429,0.285714285714286,1,0,0,0,0,1,0.571428571428571,0.571428571428571,NA,0,0.714285714285714,1,7,7,85,0.0823529411764706
"filingue_kourfeye_centre",0,0,0.583333333333333,0.75,1,0.333333333333333,0,0,0.166666666666667,0.833333333333333,0.666666666666667,0.416666666666667,NA,0,0.416666666666667,0.833333333333333,12,20,133,0.0902255639097744
"filingue_tondikandia",0,0,0.75,0.4375,1,0,0,0,0,1,0.625,0.625,NA,0,0.5,0.9375,16,29,227,0.0704845814977974
"gao_anchawadi",0.230769230769231,0.307692307692308,0.538461538461538,0.0769230769230769,0.538461538461538,0.692307692307692,0.461538461538462,0.692307692307692,0.230769230769231,0.769230769230769,0.230769230769231,0.461538461538462,0.8,0,0.692307692307692,0.615384615384615,13,13,33,0.393939393939394
"gao_gabero",0.0625,0.125,0.5,0.25,1,0.5625,0,0.625,0.1875,0.8125,0.5,0.4375,0.5,0.1875,0.5,0.3125,16,16,38,0.421052631578947
"gao_gao",0,0,1,1,1,1,0,0,0,1,0,0,0,1,1,1,1,1,11,0.0909090909090909
"gao_gounzoureye",0.0588235294117647,0.0588235294117647,0.176470588235294,0.117647058823529,0.882352941176471,0.470588235294118,0.0588235294117647,0.764705882352941,0.176470588235294,0.823529411764706,0.941176470588235,0.0588235294117647,0.5,0.0588235294117647,0.529411764705882,0.411764705882353,17,17,34,0.5
"gao_n_tillit",0.25,0.375,0.75,0.625,0.5,1,0.625,0.75,0.375,0.625,0.375,0.625,1,0.375,0.75,0.375,8,8,17,0.470588235294118
"gao_sony_aliber",0,0,0.210526315789474,0.105263157894737,0.894736842105263,0.421052631578947,0.105263157894737,0.684210526315789,0,1,0.842105263157895,0.0526315789473684,NA,0.105263157894737,0.421052631578947,0.526315789473684,19,19,58,0.327586206896552
"gao_tilemsi",0.0769230769230769,0.153846153846154,0.230769230769231,0.0769230769230769,0.846153846153846,0.230769230769231,0.384615384615385,0.769230769230769,0.384615384615385,0.615384615384615,0.153846153846154,0.230769230769231,0.25,0,0.384615384615385,0.461538461538462,13,14,NA,NA
"gnagna_bilanga",0,0.0666666666666667,0.533333333333333,0.4,1,0.333333333333333,0,0.2,0.466666666666667,0.533333333333333,1,0.8,1,0.133333333333333,0.866666666666667,0.333333333333333,15,18,60,0.25
"gnagna_bogande",0,0,0.875,0.125,1,0.5,0,0,0.25,0.75,1,0.625,0.75,0.25,0.875,0.625,8,10,51,0.156862745098039
"gnagna_coalla",0.0666666666666667,0.0666666666666667,0.2,0.2,1,0.4,0,0.4,0.133333333333333,0.866666666666667,1,0.333333333333333,0.5,0,0.866666666666667,0.933333333333333,15,23,NA,NA
"gnagna_liptougou",0.0909090909090909,0.181818181818182,0.727272727272727,0.636363636363636,1,0.909090909090909,0,1,0.818181818181818,0.181818181818182,1,0.818181818181818,0.8,0.0909090909090909,0.818181818181818,0.454545454545455,11,14,65,0.169230769230769
"gnagna_mani",0,0.166666666666667,0.666666666666667,0.5,1,0.833333333333333,0,0,0.666666666666667,0.333333333333333,1,0.833333333333333,0.666666666666667,0,0.666666666666667,0.833333333333333,6,8,28,0.214285714285714
"gnagna_piela",0,0.0833333333333333,0.416666666666667,0,1,0.583333333333333,0,0,0.416666666666667,0.583333333333333,1,0.75,0.666666666666667,0,0.833333333333333,0.75,12,14,25,0.48
"gnagna_thion",0,0.25,0.25,0.5,1,0.25,0,0,0.75,0.25,1,0.5,1,0,0.75,0.5,4,5,18,0.222222222222222
"gotheye_dargol",0,0,0.526315789473684,0.631578947368421,1,0.157894736842105,0,0.105263157894737,0.157894736842105,0.842105263157895,0.894736842105263,0.578947368421053,NA,0.0526315789473684,0.631578947368421,0.631578947368421,19,34,325,0.0584615384615385
"gotheye_gotheye",0,0,0.470588235294118,0.470588235294118,1,0.117647058823529,0,0,0.352941176470588,0.647058823529412,0.941176470588235,0.470588235294118,NA,0,0.470588235294118,0.941176470588235,17,32,126,0.134920634920635
"goundam_adarmalane",0,0.5,1,0.5,0.5,1,0.5,1,1,0,0.5,1,1,0,0,0,2,2,6,0.333333333333333
"goundam_alzounoub",1,1,1,1,0,1,1,1,1,0,0,1,1,0,1,0,1,1,7,0.142857142857143
"goundam_bintagoungou",0,0,0.333333333333333,0.333333333333333,0.666666666666667,0.333333333333333,0.333333333333333,0.666666666666667,0.333333333333333,0.666666666666667,0.333333333333333,0,NA,0,0.333333333333333,0.333333333333333,3,3,8,0.375
"goundam_douekire",0,0,0.333333333333333,0.333333333333333,0.666666666666667,0.333333333333333,0.333333333333333,0.333333333333333,0,1,0.333333333333333,0,0,0,0.333333333333333,0.333333333333333,3,3,32,0.09375
"goundam_doukouria",0,0,0.666666666666667,0.666666666666667,0.333333333333333,1,0.333333333333333,1,0.666666666666667,0.333333333333333,0.333333333333333,0.333333333333333,1,0,0.666666666666667,0,3,3,12,0.25
"goundam_essakane",0,0,0,0,0.333333333333333,0.333333333333333,0.666666666666667,1,0.333333333333333,0.666666666666667,0.333333333333333,0,NA,0,0.666666666666667,0.666666666666667,3,3,23,0.130434782608696
"goundam_gargando",0,0,0,0,1,1,0,1,0,1,1,0,NA,0,0,0,1,1,13,0.0769230769230769
"goundam_goundam_commune",0,0,0,0,1,0,0,1,0,1,1,0,NA,0,0,1,1,1,NA,NA
"goundam_issa_bery",0,0,0.333333333333333,0.333333333333333,0.666666666666667,0,0.333333333333333,0.666666666666667,0,1,0.666666666666667,0,NA,0,0.333333333333333,0,3,3,7,0.428571428571429
"goundam_kaneye",0,0,1,1,0,1,1,1,1,0,0,0,NA,0,1,0,1,1,4,0.25
"goundam_tele",0,0,0,0,1,0,0,0,0,1,1,0,NA,0,0,0,1,1,4,0.25
"goundam_tilemsi",1,1,1,1,0,1,1,1,1,0,0,1,1,0,1,0,1,1,NA,NA
"goundam_tin_aicha",0,0,0.5,0.5,0,1,1,1,1,0,0,0,1,0,1,0,2,2,9,0.222222222222222
"goundam_tonka",0,0,0.5,0.5,0.5,0.5,0.5,0,0.5,0.5,0.5,0.5,0,0,0.5,0.5,2,2,24,0.0833333333333333
"gourma_diabo",0.1,0.2,0.3,0.1,1,0.3,0,0,0.3,0.7,1,0.9,0.75,0,0.7,1,10,11,21,0.476190476190476
"gourma_diapangou",0,0,0,0,1,0,0,0,0,1,1,0.8,1,0,0.4,0.8,5,5,18,0.277777777777778
"gourma_fada_n_gourma",0.0769230769230769,0.461538461538462,0.384615384615385,0.461538461538462,0.923076923076923,0.923076923076923,0.0769230769230769,0.538461538461538,0.0769230769230769,0.923076923076923,0.923076923076923,0.769230769230769,1,0,0.769230769230769,0.538461538461538,13,22,NA,NA
"gourma_matiacoali",0.0909090909090909,0.181818181818182,0.0909090909090909,0,1,0.636363636363636,0,0.909090909090909,0.181818181818182,0.818181818181818,1,1,1,0,0.181818181818182,0.909090909090909,11,16,NA,NA
"gourma_rharous_bambara_maoude",0,0,0.333333333333333,0.333333333333333,0.666666666666667,0.666666666666667,0.333333333333333,0.666666666666667,0,1,0.333333333333333,0.666666666666667,0,0,0.333333333333333,0.333333333333333,3,3,47,0.0638297872340425
"gourma_rharous_banicane",0,0,0,0,1,1,0.5,0.5,0.5,0.5,0.5,0,NA,0,0.5,0.5,2,2,NA,NA
"gourma_rharous_gossi",0.285714285714286,0.571428571428571,1,1,0.142857142857143,1,0.857142857142857,1,0.571428571428571,0.428571428571429,0.142857142857143,0.857142857142857,1,0,1,0.285714285714286,7,7,21,0.333333333333333
"gourma_rharous_hamzakona",0,0,0.5,0.5,0.5,0.5,0.5,1,0.5,0.5,0.5,0,NA,0,0.5,0,2,2,NA,NA
"gourma_rharous_inadiatafane",0,0.5,1,1,0,1,1,1,1,0,0,1,1,0,1,0,2,2,16,0.125
"gourma_rharous_ouinerden",0,0,0,0,1,1,0,1,1,0,1,0,NA,0,0,0,1,1,18,0.0555555555555556
"gourma_rharous_rharous",0,0.5,0,0,1,0,0,0,0,1,1,0,0,0,0,0.5,2,2,29,0.0689655172413793
"gourma_rharous_serere",0,0,0,0.333333333333333,1,0.333333333333333,0,0.666666666666667,0,1,0.666666666666667,0,0,0,0,0.666666666666667,3,3,10,0.3
"gourma_tibga",0,0.111111111111111,0.111111111111111,0.111111111111111,1,0.222222222222222,0.111111111111111,0,0.444444444444444,0.555555555555556,0.888888888888889,0.888888888888889,0.444444444444444,0,0.888888888888889,1,9,10,36,0.25
"gourma_yamba",0.125,0.125,0,0,1,0.125,0,0,0,1,1,1,0.5,0,0.125,0.875,8,11,54,0.148148148148148
"inekar_inekar",0,0.555555555555556,0.444444444444444,0.444444444444444,0.333333333333333,0.666666666666667,0.666666666666667,0.888888888888889,0.333333333333333,0.666666666666667,0,0.555555555555556,0.6,0,0.777777777777778,0.111111111111111,9,10,11,0.818181818181818
"komonjdjari_bartiebougou",0,0,1,1,0.5,1,1,1,1,0,0,0.5,1,0.5,1,0,2,2,NA,NA
"komonjdjari_foutouri",0,0,0.4,0.4,0.8,0.4,0.2,0.8,0.6,0.4,0.8,0,1,0.4,0.8,0.4,5,5,NA,NA
"komonjdjari_gayeri",0.222222222222222,0.222222222222222,0,0,1,0.222222222222222,0,0.888888888888889,0.222222222222222,0.777777777777778,1,1,0.333333333333333,0,0,1,9,11,NA,NA
"kompienga_kompienga",0,0.2,0.4,0.4,0.8,0.6,0.2,0.4,0.4,0.6,0.8,0.8,0.75,0,0.8,0.6,5,7,12,0.416666666666667
"kompienga_madjoari",0,0,1,0.5,0.5,0.5,0,1,0.5,0.5,1,0.5,0.5,0,1,0.5,2,2,3,0.666666666666667
"kompienga_pama",0,0.2,0.4,0.4,0.8,0.8,0,0.6,0.6,0.4,1,0.6,1,0,0.8,0.8,5,5,8,0.625
"koro_bamba",0,0,0.5,1,0,1,1,1,0,1,0,0,1,0,0.5,1,2,2,30,0.0666666666666667
"koro_barapireli",0.5,0.5,0,1,1,1,0,1,0,1,1,0,1,0,0,1,2,2,29,0.0689655172413793
"koro_bondo",0.5,0.5,0,1,1,1,0,1,0,1,1,0,1,0,0,1,2,2,20,0.1
"koro_diankabou",0,0,0,0,0.5,1,0,1,0.5,0.5,0,0.5,1,0,0.5,0.5,2,2,27,0.0740740740740741
"koro_dinangourou",0,0,1,1,1,1,0,1,0,1,0,1,1,0,0.5,0,2,2,24,0.0833333333333333
"koro_diougani",1,1,1,1,0,1,1,1,0.5,0.5,0,1,1,0,1,1,2,2,42,0.0476190476190476
"koro_dougoutene_1",0,0,0.5,0,1,1,0,1,0,1,1,1,1,0,1,1,2,2,NA,NA
"koro_dougoutene_2",0,0,0.5,0.5,1,1,0.5,1,0,1,0.5,1,1,0,1,1,2,2,NA,NA
"koro_kassa",0,0.5,1,1,0.5,1,0.5,1,1,0,0.5,0,1,0.5,1,1,2,2,19,0.105263157894737
"koro_koporo_pen",0,0,0.5,1,1,1,0,1,0,1,1,0.5,1,0,0,1,2,2,29,0.0689655172413793
"koro_koporokendie_na",0,1,0,1,1,1,0,1,0,1,1,1,1,0,1,1,2,2,35,0.0571428571428571
"koro_koro",0,0.5,1,1,1,1,0,1,0,1,1,0.5,1,0,0.5,1,2,2,64,0.03125
"koro_madougou",0,0.5,0,1,1,1,0,1,0,1,0.5,1,1,0,1,1,2,2,44,0.0454545454545455
"koro_pel_maoude",0,0.5,0,0,0.5,1,0.5,1,0,1,0.5,0.5,0.5,0,0,1,2,2,30,0.0666666666666667
"koro_yoro",0,0.5,0,1,0.5,1,0,1,0,1,0,0,1,0,1,0,2,2,23,0.0869565217391304
"koro_youdiou",0,1,0,0,1,1,1,1,0,1,0.5,1,1,0,1,1,2,2,19,0.105263157894737
"loroum_banh",0.142857142857143,0.142857142857143,0.857142857142857,1,0.285714285714286,0.857142857142857,0.285714285714286,1,0.428571428571429,0.571428571428571,0.571428571428571,0,0.8,0,1,1,7,7,NA,NA
"loroum_ouindigui",0,0,1,1,1,1,0,0.333333333333333,0,1,1,0,1,0,1,1,6,6,16,0.375
"loroum_solle",0,0.166666666666667,0.833333333333333,0.833333333333333,0.833333333333333,0.833333333333333,0.166666666666667,1,1,0,0.833333333333333,0.5,1,0,1,0.166666666666667,6,6,28,0.214285714285714
"loroum_titao",0,0.166666666666667,0.75,0.916666666666667,0.833333333333333,0.583333333333333,0,0.25,0.666666666666667,0.333333333333333,1,0.333333333333333,0.888888888888889,0,0.833333333333333,0.833333333333333,12,13,57,0.210526315789474
"menaka_menaka",0,0.4,0.6,0.6,0.4,0.7,0.6,1,0.2,0.8,0.2,0.3,1,0.1,0.8,0.1,10,10,16,0.625
"mopti_bassirou",0,0,0,0,1,1,0,1,0,1,0.5,0,NA,0,0,1,2,2,5,0.4
"mopti_borondougou",0,0,0.5,0.5,0.5,1,0.5,0,0,1,0.5,0,1,0,0.5,1,2,2,9,0.222222222222222
"mopti_dialloube",0,0,0.5,0.5,0.5,1,1,1,1,0,0,0,NA,0,0,1,2,2,37,0.0540540540540541
"mopti_fatoma",0,0,1,1,1,1,0,1,0,1,0.5,0,1,0,1,1,2,2,32,0.0625
"mopti_konna",0,0,0.333333333333333,0,0.666666666666667,1,0.333333333333333,1,0,1,0.333333333333333,0,1,0,0.333333333333333,1,3,3,49,0.0612244897959184
"mopti_korombana",0.333333333333333,0.333333333333333,0.333333333333333,0.333333333333333,1,1,0,1,0,1,0.666666666666667,0,1,0,0.333333333333333,0.666666666666667,3,3,35,0.0857142857142857
"mopti_koubaye",0,0,0.333333333333333,0.333333333333333,1,1,0.333333333333333,1,0,1,0,0,NA,0,0,0.666666666666667,3,3,12,0.25
"mopti_kounari",0.333333333333333,0.333333333333333,0.333333333333333,1,0.333333333333333,1,0.333333333333333,1,0.333333333333333,0.666666666666667,0.333333333333333,0,1,0,0.333333333333333,0.666666666666667,3,3,44,0.0681818181818182
"mopti_mopti_commune",0,0,0.5,0.5,1,1,0,1,0,1,1,0,1,0,0,1,2,2,NA,NA
"mopti_ouro_modi",0,0,0,0,0.5,1,0.5,1,0,1,0.5,0,NA,0,0,0.5,2,2,5,0.4
"mopti_ouroube_doude",0,0,0.5,1,0.5,1,0.5,1,0,1,0,0,NA,0,0.5,1,2,2,11,0.181818181818182
"mopti_sasalbe",0,0,0.5,0.5,0.5,1,0.5,0,0,1,0,0,NA,0,0.5,1,2,2,12,0.166666666666667
"mopti_sio",0,0.5,0,0,0.5,1,0,1,0.5,0.5,0,0,1,0,0.5,0.5,2,2,34,0.0588235294117647
"mopti_socoura",0,0,0.333333333333333,0.666666666666667,1,1,0.333333333333333,0.666666666666667,0,1,0.333333333333333,0,1,0,0.333333333333333,1,3,3,47,0.0638297872340425
"mopti_soye",0,0,0.666666666666667,1,0,1,0.333333333333333,1,0.333333333333333,0.666666666666667,0.333333333333333,0.666666666666667,NA,0,1,0.666666666666667,3,3,41,0.0731707317073171
"namentenga_boala",0,0,0,0,1,0,0,0,0,1,1,0,0,0,0,1,3,5,22,0.136363636363636
"namentenga_boulsa",0,0,0,0,1,0,0,0,0.4,0.6,1,0,0.6,0,0,1,5,10,69,0.072463768115942
"namentenga_bouroum",0.4,0.6,0.4,0.8,1,0.8,0,0.8,0,1,1,0.4,0,0,0,0.4,5,7,36,0.138888888888889
"namentenga_dargo",0,0.2,0,0,1,0,0,0,0,1,1,0,0,0,0,1,5,7,20,0.25
"namentenga_nagbingou",0,0.5,0,1,1,0.5,0,0,0,1,1,1,1,0,0,1,2,2,17,0.117647058823529
"namentenga_tougouri",0.142857142857143,0.571428571428571,0.285714285714286,0.285714285714286,1,0.142857142857143,0,0.285714285714286,0,1,1,0.428571428571429,0.714285714285714,0,0.142857142857143,1,7,9,69,0.101449275362319
"namentenga_yalgo",0.5,0.75,0,0,1,0.25,0,0,0,1,1,0.25,0.75,0,0.25,1,4,5,20,0.2
"namentenga_zeguedeguin",0,0.25,0.5,0.25,1,0,0,0,0.5,0.5,1,0.25,0,0,0,1,4,6,NA,NA
"niafunke_banikane_narhawa",0,0,0,0,1,1,0,0.5,0,1,1,1,1,0,0,1,2,2,49,0.0408163265306122
"niafunke_dianke",0,0,0.333333333333333,0.333333333333333,1,1,0,0.666666666666667,0,1,0.666666666666667,0.333333333333333,1,0,0.333333333333333,1,3,3,16,0.1875
"niafunke_fittouga",0,0.5,0,0.5,1,1,0.5,1,0,1,1,0,1,0,0,1,2,2,79,0.0253164556962025
"niafunke_koumaira",0,0.333333333333333,0,0.333333333333333,0.666666666666667,1,0.333333333333333,0,0,1,0.666666666666667,0,1,0,0.666666666666667,1,3,3,44,0.0681818181818182
"niafunke_lere",0,0.333333333333333,0,0.666666666666667,0.333333333333333,1,0.333333333333333,1,0.333333333333333,0.666666666666667,0,0.333333333333333,1,0,0.666666666666667,0.666666666666667,3,3,19,0.157894736842105
"niafunke_n_gorkou",0,0,0.5,0.5,1,1,0,0.5,0,1,1,1,1,0,0,1,2,2,61,0.0327868852459016
"niafunke_souboundou",0.5,0.5,0,0,1,1,0,1,0,1,1,1,1,0,0,1,2,2,52,0.0384615384615385
"niafunke_soumpi",0,0.5,0.5,0.5,1,1,0,1,0.5,0.5,1,0.5,1,0,0,0.5,2,3,25,0.08
"ouallam_dingazi",0,0,0.3,0.9,1,0.6,0,0.3,0.3,0.7,1,0.4,NA,0,0.4,0.5,10,17,130,0.0769230769230769
"ouallam_ouallam",0.0588235294117647,0.0588235294117647,0.647058823529412,0.294117647058824,1,0.235294117647059,0,0,0.176470588235294,0.823529411764706,0.882352941176471,0.705882352941177,0.5,0.0588235294117647,0.529411764705882,0.470588235294118,17,26,150,0.113333333333333
"ouallam_simiri",0,0.0357142857142857,0.642857142857143,0.607142857142857,1,0.214285714285714,0,0.0357142857142857,0.0357142857142857,0.964285714285714,0.857142857142857,0.535714285714286,0.5,0.0357142857142857,0.5,0.642857142857143,28,38,425,0.0658823529411765
"ouallam_tondikiwindi",0.238095238095238,0.238095238095238,0.761904761904762,0.571428571428571,1,0.476190476190476,0,0.19047619047619,0.142857142857143,0.857142857142857,0.952380952380952,0.380952380952381,0.857142857142857,0.0476190476190476,0.380952380952381,0.428571428571429,21,35,280,0.075
"oudalan_deou",0,0.666666666666667,1,0.666666666666667,1,0.666666666666667,0,1,0.333333333333333,0.666666666666667,1,0.666666666666667,0.333333333333333,0,0.666666666666667,0.666666666666667,3,4,51,0.0588235294117647
"oudalan_gorom_gorom",0.25,0.375,0.5,0.75,1,0.25,0,0.625,0.5,0.5,1,0.75,0.5,0.125,0.75,0.625,8,14,104,0.0769230769230769
"oudalan_markoye",1,1,0,1,1,0.666666666666667,0,0.666666666666667,0,1,1,0.333333333333333,1,0,0.666666666666667,0.666666666666667,3,4,48,0.0625
"oudalan_oursi",0,0.5,1,1,0.5,1,0.5,1,1,0,0.5,1,1,0,0.5,0.5,2,2,14,0.142857142857143
"oudalan_tin_akoff",0.166666666666667,0.166666666666667,1,1,1,0.166666666666667,1,1,1,0,0.166666666666667,0.833333333333333,0.333333333333333,0,0.5,0.166666666666667,6,9,67,0.0895522388059701
"passore_arbole",0,0.111111111111111,0.222222222222222,0,1,0.111111111111111,0,0,0.333333333333333,0.666666666666667,1,0.111111111111111,0.625,0,0.444444444444444,1,9,9,NA,NA
"passore_bagare",0,0,0.5,0,1,0,0,0,0,1,1,0.25,1,0,0.75,1,4,5,26,0.153846153846154
"passore_bokin",0,0,0.666666666666667,0,1,0,0,0,0,1,1,0.666666666666667,0.5,0,0.666666666666667,1,3,3,NA,NA
"passore_gomponson",0.333333333333333,0.333333333333333,0,0,1,0,0,0,0.666666666666667,0.333333333333333,1,1,1,0,0.666666666666667,1,3,3,NA,NA
"passore_kirsi",0,0,0.333333333333333,0,1,0.333333333333333,0,0,0.666666666666667,0.333333333333333,1,0.666666666666667,0.5,0,0.333333333333333,1,3,3,17,0.176470588235294
"passore_la_todin",0,0,0.25,0,1,0.25,0,0,0.25,0.75,1,0,1,0,0.25,1,4,4,NA,NA
"passore_pilimpikou",0,0,0.25,0,1,0,0,0,0.5,0.5,1,0.75,NA,0,0.25,1,4,4,15,0.266666666666667
"passore_samba",0,0,0,0,1,0,0,0,0,1,1,0,1,0,0,1,2,2,30,0.0666666666666667
"passore_yako",0.153846153846154,0.230769230769231,0.461538461538462,0.0769230769230769,1,0.0769230769230769,0,0,0.0769230769230769,0.923076923076923,1,0.615384615384615,0.428571428571429,0.0769230769230769,0.538461538461538,0.923076923076923,13,13,58,0.224137931034483
"sanmatenga_barsalogho",0,0,0.777777777777778,0.555555555555556,0.888888888888889,0.333333333333333,0.222222222222222,0.555555555555556,0.111111111111111,0.888888888888889,0.777777777777778,0.555555555555556,0.666666666666667,0,0.333333333333333,0.888888888888889,9,16,77,0.116883116883117
"sanmatenga_boussouma",0,0.25,0,0,1,0,0,0,0,1,1,0.375,0.125,0,0,1,8,14,90,0.0888888888888889
"sanmatenga_dablo",0,0,1,1,1,1,0,1,1,0,1,1,1,0,1,0,1,3,19,0.0526315789473684
"sanmatenga_kaya",0.166666666666667,0.166666666666667,0,0,1,0,0,0,0,1,1,0,0.333333333333333,0,0.166666666666667,1,6,13,86,0.0697674418604651
"sanmatenga_korsimoro",0,0,0,0,1,0.25,0,0,0,1,1,0.25,0.25,0,0,1,4,5,60,0.0666666666666667
"sanmatenga_mane",0,0,0,0,1,0,0,0,0,1,1,0.142857142857143,0.428571428571429,0,0,1,7,12,71,0.0985915492957746
"sanmatenga_namissigma",0,0,1,1,1,0.5,0.5,1,0,1,1,1,0.5,0,0.5,0.5,2,4,NA,NA
"sanmatenga_pensa",0,0.25,0.75,0.75,0.875,0.375,0.375,1,0.25,0.75,0.875,0.375,0.4,0,0.5,0.875,8,11,39,0.205128205128205
"sanmatenga_pibaore",0,0,0,0,1,0,0,0,0,1,1,0.25,0.75,0,0,1,4,4,29,0.137931034482759
"sanmatenga_pissila",0,0.285714285714286,0.142857142857143,0.142857142857143,1,0.285714285714286,0.142857142857143,0.285714285714286,0.142857142857143,0.857142857142857,1,0.714285714285714,0.428571428571429,0,0.571428571428571,1,7,10,78,0.0897435897435897
"sanmatenga_ziga",0,0,0,0,1,0,0,0,0,1,1,0.4,0.2,0,0.2,1,5,9,52,0.0961538461538462
"say_ouro_gueladjo",0,0,0,0.714285714285714,1,0,0,0,0,1,0.857142857142857,0.428571428571429,NA,0,0.428571428571429,0.857142857142857,7,7,53,0.132075471698113
"say_say",0,0,0.3,0.3,1,0,0,0.1,0.1,0.9,1,0.2,NA,0.2,0.3,1,10,20,95,0.105263157894737
"say_tamou",0,0,0.25,0.375,1,0,0.0625,0,0,1,0.875,0.4375,NA,0,0.0625,0.8125,16,27,230,0.0695652173913043
"seno_bani",0,0.2,0.6,0.4,1,0.4,0,0.8,0.4,0.6,1,0.4,0.666666666666667,0,0,0.6,5,5,76,0.0657894736842105
"seno_dori",0.285714285714286,0.428571428571429,0.357142857142857,0.357142857142857,1,0.357142857142857,0,0.571428571428571,0.142857142857143,0.857142857142857,1,0.642857142857143,0.571428571428571,0,0.214285714285714,0.928571428571429,14,19,131,0.106870229007634
"seno_falagountou",0,0,0,0,1,0,0,0,0.5,0.5,1,0.5,0,0,0,1,2,4,25,0.08
"seno_gorgadji",0,0.375,0.875,1,1,1,0,1,0.125,0.875,1,0.625,1,0,0.625,0.875,8,9,33,0.242424242424242
"seno_sampelga",0,0,0,0,1,0,0,0,0,1,1,0,1,0,0,0,1,1,14,0.0714285714285714
"seno_seytenga",1,1,0.5,0.5,1,0.5,0,0.5,0,1,1,1,1,0,0,1,2,4,36,0.0555555555555556
"soum_arbinda",0.142857142857143,0.428571428571429,0.571428571428571,0.714285714285714,0.714285714285714,0.714285714285714,0.428571428571429,0.857142857142857,0.142857142857143,0.857142857142857,0.571428571428571,0.571428571428571,0.666666666666667,0,0.714285714285714,0.857142857142857,7,8,103,0.0679611650485437
"soum_baraboule",0,0,0.6,0.6,0.8,0.4,0.6,1,0.4,0.6,0.8,0.4,0.666666666666667,0,0.4,1,5,6,55,0.0909090909090909
"soum_diguel",0,0,0,0,1,0,0,1,0,1,1,0.333333333333333,0,0,0,1,3,3,24,0.125
"soum_djibo",0,0,0.666666666666667,0.5,1,0.666666666666667,0,0.666666666666667,0.666666666666667,0.333333333333333,1,0.5,0.5,0,0.5,0.666666666666667,6,8,54,0.111111111111111
"soum_kelbo",0,0.333333333333333,0.666666666666667,0.666666666666667,1,0.666666666666667,0.333333333333333,1,0,1,1,0.333333333333333,0,0,0.666666666666667,1,3,4,13,0.230769230769231
"soum_koutougou",0,0,1,1,1,0,0,1,0,1,1,0.5,0,0,0,1,2,2,49,0.0408163265306122
"soum_nassoumbou",0,0,0.75,0,1,0,0,1,0,1,0.75,0,0,0,0,1,4,4,67,0.0597014925373134
"soum_pobe_mangao",0,0,1,0.5,1,0.5,0.5,1,1,0,0,1,0,0,0.5,0.5,2,4,NA,NA
"soum_tongomayel",0,0,0.833333333333333,1,0.666666666666667,0.5,0.333333333333333,1,0.5,0.5,0.666666666666667,0.333333333333333,0.666666666666667,0,0.5,0.5,6,9,98,0.0612244897959184
"tapoa_botou",0,0,0.0833333333333333,0.333333333333333,1,0.666666666666667,0.0833333333333333,1,0.0833333333333333,0.916666666666667,0.916666666666667,0.25,1,0,1,0.583333333333333,12,14,96,0.125
"tapoa_diapaga",0.25,0.375,0,0,1,0.375,0,0.25,0.125,0.875,1,0.875,0,0,0.25,1,8,10,49,0.163265306122449
"tapoa_kantchari",0,0.125,0.125,0.25,0.9375,0.5625,0.125,0.6875,0,1,0.8125,0.9375,1,0,0.6875,0.3125,16,21,92,0.173913043478261
"tapoa_logobou",0,0.333333333333333,0.666666666666667,0.333333333333333,1,1,0,1,0.166666666666667,0.833333333333333,0.833333333333333,1,1,0.166666666666667,0.5,0.666666666666667,6,7,NA,NA
"tapoa_namounou",0,0,0,0,1,0,0,0,0,1,1,0,NA,0,1,1,2,2,NA,NA
"tapoa_partiaga",0,0,0,0,1,0.4,0,0.2,0.4,0.6,1,0.2,0,0,1,1,5,7,15,0.333333333333333
"tapoa_tambaga",0.125,0.25,0,0.25,1,0.125,0,0.375,0.125,0.875,1,0.375,0,0,1,1,8,10,4,2
"tapoa_tansarga",0.25,0.25,0,0,1,0.5,0,1,0,1,1,0.5,0,0,0.75,1,4,4,2,2
"tassara_tassara",0.173913043478261,0.173913043478261,0.608695652173913,0.478260869565217,0.391304347826087,0.652173913043478,0.434782608695652,0.260869565217391,0.478260869565217,0.521739130434783,0.565217391304348,0.434782608695652,0.166666666666667,0,0.565217391304348,0.434782608695652,23,35,43,0.534883720930233
"tenenkou_diafarabe",0,0.333333333333333,0,0,1,1,0,1,0,1,0.666666666666667,0,0.666666666666667,0,0,1,3,3,19,0.157894736842105
"tenenkou_diaka",0,0.333333333333333,0.333333333333333,0.333333333333333,1,1,0,1,0,1,1,0.666666666666667,1,0,0,1,3,3,42,0.0714285714285714
"tenenkou_diondori",0,0,0,0,1,1,0.333333333333333,1,0,1,1,0.666666666666667,1,0,0,1,3,3,NA,NA
"tenenkou_kareri",0,0,0.666666666666667,0.666666666666667,0.666666666666667,1,0.333333333333333,1,0,1,0.666666666666667,0,1,0,0.333333333333333,1,3,3,84,0.0357142857142857
"tenenkou_ouro_ardo",0,0,0.333333333333333,0.333333333333333,0.666666666666667,1,0.666666666666667,1,0,1,0.333333333333333,0,NA,0,0.333333333333333,1,3,3,32,0.09375
"tenenkou_ouro_guire",0,0,0.75,0.5,0.5,1,0.5,1,0,1,0.25,0.75,1,0,0.25,0.75,4,4,15,0.266666666666667
"tenenkou_sougoulbe",0,0,0.5,0.5,1,1,0.5,1,0,1,1,0,1,0,0.5,1,2,3,29,0.0689655172413793
"tenenkou_tenenkou_commune",0,0.333333333333333,0.333333333333333,0.333333333333333,1,1,0,1,0,1,1,0,0.333333333333333,0,0,1,3,3,NA,NA
"tenenkou_togoro_kotia",0,0.25,0.25,0.25,1,1,0,0.75,0,1,1,0.25,0.666666666666667,0,0,1,4,4,22,0.181818181818182
"tenenkou_toguere_coumbe",0.333333333333333,0.333333333333333,0.666666666666667,0.333333333333333,0.666666666666667,1,0.666666666666667,1,0.333333333333333,0.666666666666667,0.666666666666667,1,1,0,0.333333333333333,0.666666666666667,3,3,58,0.0517241379310345
"tera_diagourou",0,0,0.444444444444444,0.333333333333333,1,0.333333333333333,0,0.333333333333333,0.333333333333333,0.666666666666667,0.777777777777778,0.444444444444444,NA,0,0.444444444444444,0.666666666666667,9,22,159,0.0566037735849057
"tera_gorouol",0,0,0.666666666666667,0.888888888888889,1,0.555555555555556,0,0.222222222222222,0.111111111111111,0.888888888888889,0.888888888888889,0.333333333333333,NA,0,0.333333333333333,0.555555555555556,9,14,88,0.102272727272727
"tera_kokorou",0,0,0.35,0.25,1,0.1,0,0.05,0.1,0.9,0.65,0.6,NA,0.1,0.25,0.9,20,33,255,0.0784313725490196
"tera_mehana",0,0,0.5,0.428571428571429,1,0.0714285714285714,0,0,0.5,0.5,1,0.357142857142857,NA,0,0.857142857142857,0.785714285714286,14,28,89,0.157303370786517
"tera_tera",0,0.0833333333333333,0.75,0.583333333333333,1,0.416666666666667,0,0.166666666666667,0.166666666666667,0.833333333333333,1,0.75,1,0.0833333333333333,0.583333333333333,0.75,12,27,82,0.146341463414634
"tidermene_tidermene",0.222222222222222,0.555555555555556,0.666666666666667,0.666666666666667,0.333333333333333,0.777777777777778,0.888888888888889,0.777777777777778,0.444444444444444,0.555555555555556,0.111111111111111,0.777777777777778,0.8,0,0.888888888888889,0,9,10,10,0.9
"tillaberi_anzourou",0,0,0.666666666666667,0.333333333333333,1,0.666666666666667,0,0.444444444444444,0.222222222222222,0.777777777777778,0.777777777777778,0.666666666666667,NA,0,0.444444444444444,0.333333333333333,9,12,39,0.230769230769231
"tillaberi_bibiyergou",0,0.25,0.25,0,1,0.5,0,0,0.25,0.75,1,0.75,1,0,0.25,0,4,7,12,0.333333333333333
"tillaberi_dessa",0,0,0.25,0,1,0,0,0,0.25,0.75,1,0.25,0,0.25,1,0.75,4,6,60,0.0666666666666667
"tillaberi_kourteye",0,0,0.352941176470588,0.235294117647059,1,0,0,0,0.294117647058824,0.705882352941177,0.882352941176471,0.294117647058824,NA,0,0.411764705882353,0.588235294117647,17,27,241,0.0705394190871369
"tillaberi_sakoira",0,0,0.666666666666667,0.25,1,0.166666666666667,0,0.0833333333333333,0.5,0.5,0.916666666666667,0.583333333333333,0.5,0,0.833333333333333,0.75,12,24,83,0.144578313253012
"tillaberi_sinder",0,0,0.375,0.125,1,0.375,0,0,0.25,0.75,1,0,NA,0,0.5,0.875,8,12,75,0.106666666666667
"tillaberi_tillaberi",0,0,0.416666666666667,0.125,1,0,0,0,0.375,0.625,0.916666666666667,0.291666666666667,0.666666666666667,0,0.416666666666667,0.833333333333333,24,43,37,0.648648648648649
"tillia_tillia",0.0357142857142857,0.0714285714285714,0.857142857142857,0.857142857142857,0.892857142857143,0.392857142857143,0.142857142857143,0.25,0.321428571428571,0.678571428571429,0.714285714285714,0.75,0.333333333333333,0.0357142857142857,0.571428571428571,0.392857142857143,28,43,36,0.777777777777778
"tombouctou_alafia",0,0,0.666666666666667,0.666666666666667,0.666666666666667,0.333333333333333,0,0.666666666666667,0,1,0.666666666666667,0,0,0,0.666666666666667,0.666666666666667,3,3,23,0.130434782608696
"tombouctou_ber",0,0,0.666666666666667,0.666666666666667,0,1,0.666666666666667,1,0.666666666666667,0.333333333333333,0,0.333333333333333,NA,0,1,0,3,3,22,0.136363636363636
"tombouctou_bourem_inaly",0,0,0,0,1,0,0,1,0,1,1,0,0,0,0,0.5,2,2,17,0.117647058823529
"tombouctou_lafia",0,0,0.333333333333333,0.333333333333333,0.666666666666667,0.666666666666667,0.666666666666667,1,0.666666666666667,0.333333333333333,0.333333333333333,0.333333333333333,NA,0,0.666666666666667,0,3,3,15,0.2
"tombouctou_salam",0,0,1,1,1,1,0,1,0,1,0,0,NA,0,1,0,1,1,34,0.0294117647058824
"tombouctou_tombouctou",0,0.666666666666667,0,0,1,0.333333333333333,0,1,0,1,0.666666666666667,0,0,0,0,0.333333333333333,3,3,13,0.230769230769231
"torodi_makalondi",0,0.125,0.375,0.25,1,0.125,0,0.125,0,1,0.625,0.375,0.75,0,0.125,0.875,8,9,139,0.0575539568345324
"torodi_torodi",0,0,0.5,0.416666666666667,1,0.333333333333333,0,0,0.0833333333333333,0.916666666666667,0.916666666666667,0.333333333333333,1,0,0.333333333333333,1,12,19,207,0.0579710144927536
"yagha_boundore",0.333333333333333,0.666666666666667,0.333333333333333,0.666666666666667,1,0,0,1,0,1,1,0.666666666666667,0.666666666666667,0,0.666666666666667,1,3,3,32,0.09375
"yagha_mansila",0.5,0.5,0.5,0.5,1,0.5,0,1,0,1,1,0.5,0,0,0.5,0.5,2,3,45,0.0444444444444444
"yagha_sebba",0.4,0.6,0.8,1,1,0.8,0,0.8,0.6,0.4,1,1,0.8,0,0.4,0.6,5,7,59,0.0847457627118644
"yagha_solhan",0,0.25,0.75,0.75,1,0.75,0,1,0.5,0.5,1,0.75,0.666666666666667,0,0.5,0.75,4,5,65,0.0615384615384615
"yagha_tankougounadie",0.333333333333333,0.666666666666667,0.666666666666667,1,1,1,0,1,0.333333333333333,0.666666666666667,1,1,1,0,1,0,3,3,27,0.111111111111111
"yagha_titabe",0,0,0.666666666666667,0.833333333333333,0.833333333333333,0.5,0.166666666666667,1,0.5,0.5,1,0.833333333333333,0.6,0,0.5,0.833333333333333,6,8,33,0.181818181818182
"yatenga_barga",0.8,0.8,0.8,1,0.4,1,0.4,0.6,0.8,0.2,0.6,1,0.75,0,0.6,0.8,5,5,15,0.333333333333333
"yatenga_kain",0,0,1,1,0,1,0,1,0,1,1,0.5,1,0,1,1,4,4,16,0.25
"yatenga_kalsaka",0.1,0.2,0.1,0.1,1,0.2,0,0,0.2,0.8,1,0.2,0.5,0,0.2,0.9,10,10,42,0.238095238095238
"yatenga_kossouka",0.333333333333333,0.333333333333333,0.666666666666667,0,1,0.666666666666667,0,0,0.333333333333333,0.666666666666667,1,0.333333333333333,1,0,1,1,3,3,11,0.272727272727273
"yatenga_koumbri",0.2,0.4,0.8,1,0.4,1,0.6,1,0.8,0.2,0.4,0.4,1,0.2,1,0.8,5,6,22,0.227272727272727
"yatenga_namissiguima",0,0,0.142857142857143,0.285714285714286,1,0.428571428571429,0,0,0.428571428571429,0.571428571428571,1,0.142857142857143,0.4,0,0,1,7,7,26,0.269230769230769
"yatenga_ouahigouya",0.6,0.7,0.5,0.2,1,0.3,0,0,0.5,0.5,1,0.3,0.7,0,0.3,1,10,10,53,0.188679245283019
"yatenga_oula",0,0,0,0,1,0.222222222222222,0,0,0.222222222222222,0.777777777777778,1,0,0.428571428571429,0,0.222222222222222,1,9,9,47,0.191489361702128
"yatenga_rambo",0,0,0,0,1,0.25,0,0,0.25,0.75,1,0,0.666666666666667,0,0.5,1,4,4,17,0.235294117647059
"yatenga_seguenega",0.2,0.4,0.6,0,1,0.2,0,0,0.2,0.8,1,0.2,0.6,0.2,0.6,0.8,5,6,NA,NA
"yatenga_tangaye",0,0,0.6,0.8,0.8,0.8,0.2,1,0.4,0.6,0.8,0.4,1,0.2,0.6,1,5,5,34,0.147058823529412
"yatenga_thiou",0.111111111111111,0.333333333333333,0.888888888888889,1,0.777777777777778,1,0.111111111111111,0.777777777777778,0.444444444444444,0.555555555555556,0.888888888888889,0.333333333333333,0.833333333333333,0,0.888888888888889,0.888888888888889,9,9,48,0.1875
"yatenga_zogore",0.25,0.5,0.5,0.5,0.75,0.5,0,0.25,0.25,0.75,1,0,0.5,0,0.5,1,4,4,21,0.19047619047619
"youwarou_bimbere_tama",0,0.333333333333333,0.666666666666667,1,0.333333333333333,1,0.333333333333333,0.666666666666667,0,1,0.666666666666667,0,1,0,0,1,3,3,16,0.1875
"youwarou_deboye",0,0.333333333333333,0,0.333333333333333,0.333333333333333,1,1,1,0,1,0,0.333333333333333,1,0,0,0.666666666666667,3,3,43,0.0697674418604651
"youwarou_dirma",0,0,0.333333333333333,0.333333333333333,0.666666666666667,1,0.333333333333333,1,0,1,0,0,NA,0,0.333333333333333,1,3,3,29,0.103448275862069
"youwarou_dongo",0,0,0.666666666666667,1,0.333333333333333,1,0,1,0,1,0.666666666666667,0,NA,0,0,1,3,3,18,0.166666666666667
"youwarou_farimake",0.333333333333333,0.666666666666667,0,0.333333333333333,0.666666666666667,1,0.333333333333333,0.333333333333333,0,1,0.666666666666667,0.333333333333333,1,0,0,0.666666666666667,3,3,35,0.0857142857142857
"youwarou_n_dodjiga",0,0.333333333333333,0,0.666666666666667,0.333333333333333,1,0,1,0,1,0.666666666666667,0,1,0,0.333333333333333,1,3,3,61,0.0491803278688525
"youwarou_youwarou",0,0,0.666666666666667,0.666666666666667,0.333333333333333,1,0.333333333333333,0.333333333333333,0,1,0.666666666666667,0.333333333333333,1,0,0.333333333333333,1,3,3,31,0.0967741935483871
"zondoma_bassi",0,0,0.5,0,1,0,0,0,0,1,1,0,1,0,0.25,1,4,4,15,0.266666666666667
"zondoma_boussou",0,0,0,0,1,0,0,0,0.333333333333333,0.666666666666667,1,0,0,0,0.333333333333333,0.666666666666667,3,4,20,0.15
"zondoma_gourcy",0.142857142857143,0.142857142857143,0.142857142857143,0,1,0.142857142857143,0,0,0.142857142857143,0.857142857142857,1,0.142857142857143,0.666666666666667,0,0.142857142857143,1,7,7,NA,NA
"zondoma_leba",0,0,0.5,0,1,0.5,0,0,0,1,1,0.5,1,0,0.5,1,2,2,15,0.133333333333333
"zondoma_tougo",0,0,1,0,1,0.5,0,0,0,1,1,0.5,NA,0,0.5,1,2,2,24,0.0833333333333333
